country_code,country_name,iban,length,bban,currency,sepa
AD,Andorra,AD84801954943V1BHJPR94RB,24,8n12c,EUR,true
AE,United Arab Emirates,AE482452908458970613494,23,3n16n,AED,false
AL,Albania,AL39783570199PX0JZM5KEOCFVKU,28,8n16c,ALL,false
AT,Austria,AT911653531607942579,20,16n,EUR,true
AZ,Azerbaijan,AZ37WHLC386M1UDDHDYEREATW498,28,4a20c,AZN,false
BA,Bosnia and Herzegovina,BA446017518933855760,20,16n,BAM,false
BE,Belgium,BE61525663046476,16,12n,EUR,true
BG,Bulgaria,BG35IXCP592880WTFM95MK,22,4a6n8c,EUR,true
BH,Bahrain,BH64JWCAQG8IEVP9GNMOSV,22,4a14c,BHD,false
BI,Burundi,BI0796291856724415061711715,27,5n5n11n2n,BIF,false
BR,Brazil,BR9883971066958891424923334R1,29,23n1a1c,BRL,false
BY,Belarus,BY98XAQA8412JR1NON3PKCLCY2CS,28,4c4n16c,BYN,false
CH,Switzerland,CH8595636MZ20235XK5EN,21,5n12c,CHF,true
CR,Costa Rica,CR54575314053959295362,22,18n,CRC,false
CY,Cyprus,CY1575241355W52JRXF9U993M17N,28,8n16c,EUR,true
CZ,Czechia,CZ2303798619881939457470,24,20n,CZK,true
DE,Germany,DE66513078894191949602,22,18n,EUR,true
DJ,Djibouti,DJ3593424155503867853889680,27,23n,DJF,false
DK,Denmark,DK5417206036271535,18,14n,DKK,true
DO,Dominican Republic,DO50WG9Y41965265518222995803,28,4c20n,DOP,false
EE,Estonia,EE181519809468268093,20,16n,EUR,true
EG,Egypt,EG450381850312875763186611036,29,25n,EGP,false
ES,Spain,ES5070389738762869963487,24,20n,EUR,true
FI,Finland,FI6742632655436130,18,14n,EUR,true
FK,Falkland Islands,FK72BO994593969300,18,2a12n,FKP,false
FO,Faroe Islands,FO5653644623696937,18,14n,DKK,false
FR,France,FR743217252554DPCQX7LPYZZ61,27,10n11c2n,EUR,true
GB,United Kingdom,GB21LOKB03078489265181,22,4a14n,GBP,true
GE,Georgia,GE68GZ8769613180189143,22,2a16n,GEL,false
GI,Gibraltar,GI12BPDTEJVS2DU7M9HXHD5,23,4a15c,GIP,true
GL,Greenland,GL0830848259897104,18,14n,DKK,false
GR,Greece,GR065935017Y3DLYH4K3ZGVTRU6,27,7n16c,EUR,true
GT,Guatemala,GT584TBCCY4GAKVEG5YZ54TUPTCQ,28,4c20c,GTQ,false
HR,Croatia,HR1365942467246308408,21,17n,EUR,true
HU,Hungary,HU98984812936434597400906560,28,24n,HUF,true
IE,Ireland,IE50WIEK22131347349271,22,4a14n,EUR,true
IL,Israel,IL388141985918250992556,23,19n,ILS,false
IQ,Iraq,IQ57AZCD084639599679285,23,4a15n,IQD,false
IS,Iceland,IS772229145070308574267526,26,22n,ISK,true
IT,Italy,IT42O3197601549DBUBGQP8323B,27,1a10n12c,EUR,true
JO,Jordan,JO96EUAI674687XRMF9QVITR5CBH99,30,4a4n18c,JOD,false
KW,Kuwait,KW44CFDQP6Y2QUWK2MTXOJZLFHV94B,30,4a22c,KWD,false
KZ,Kazakhstan,KZ65129JMP5JP78BJ6GX,20,3n13c,KZT,false
LB,Lebanon,LB60504380JQFYBUKDALXPZVXB61,28,4n20c,LBP,false
LC,Saint Lucia,LC73NHCN83RAPRZZ94STPCCU9N9QPU4W,32,4a24c,XCD,false
LI,Liechtenstein,LI28744067526X60AR5TZ,21,5n12c,CHF,true
LT,Lithuania,LT390814586338989367,20,16n,EUR,true
LU,Luxembourg,LU148013EZJJ80ZHDGZD,20,3n13c,EUR,true
LV,Latvia,LV38TKAW8F8VXUNNI8SL6,21,4a13c,EUR,true
LY,Libya,LY41826821243986039990768,25,21n,LYD,false
MC,Monaco,MC632371893010MG9UVC2WT0B58,27,10n11c2n,EUR,true
MD,Moldova,MD88OSHOR5N61STOSYZ5XR2U,24,2c18c,MDL,false
ME,Montenegro,ME59160756096280870594,22,18n,EUR,false
MK,North Macedonia,MK31632IA3KQ32Q0S04,19,3n10c2n,MKD,false
MN,Mongolia,MN873255234877417539,20,4n12n,MNT,false
MR,Mauritania,MR3353245125977275509522050,27,23n,MRU,false
MT,Malta,MT41TZTD065823LYSPLPB3K2AVA243M,31,4a5n18c,EUR,true
MU,Mauritius,MU66MGCX2693718638984100110YVD,30,4a19n3a,MUR,false
MZ,Mozambique,MZ43714659220410982103760,25,21n,MZN,false
NI,Nicaragua,NI54RHHK57314940942571574327,28,4a20n,NIO,false
NL,Netherlands,NL24NMTS2408333442,18,4a10n,EUR,true
NO,Norway,NO8854999847594,15,11n,NOK,true
OM,Oman,OM976280WLC9FMN301FN5KD,23,3n16c,OMR,false
PK,Pakistan,PK15XUSOL7JA608US71GEJH7,24,4a16c,PKR,false
PL,Poland,PL25975794274726258453047539,28,24n,PLN,true
PS,Palestine,PS23GKHK7GMN90ZVQV0IBT62QH8CF,29,4a21c,ILS,false
PT,Portugal,PT12986262214033557498087,25,21n,EUR,true
QA,Qatar,QA22QEIA902QE685O5TNE67BG3MM7,29,4a21c,QAR,false
RO,Romania,RO04EWHIX4C259C02KMZ9GM6,24,4a16c,RON,true
RS,Serbia,RS41445017246752729842,22,18n,RSD,false
RU,Russia,RU34030982022883441566HXWBZZIUIWG,33,14n15c,RUB,false
SA,Saudi Arabia,SA7980XSGB42Y67E0U9PDD0T,24,2n18c,SAR,false
SC,Seychelles,SC26KLJA58044243911729223288XLE,31,4a20n3a,SCR,false
SD,Sudan,SD0774752714128468,18,14n,SDG,false
SE,Sweden,SE6447740913833051672165,24,20n,SEK,true
SI,Slovenia,SI59332151482010789,19,15n,EUR,true
SK,Slovakia,SK8628739998005349805825,24,20n,EUR,true
SM,San Marino,SM41E3673383652ADCGTVL6I5PJ,27,1a10n12c,EUR,true
ST,Sao Tome and Principe,ST15073639070972406195870,25,21n,STN,false
SV,El Salvador,SV56GXLU82684212716874821209,28,4a20n,USD,false
TL,Timor-Leste,TL645944624299313901817,23,19n,USD,false
TN,Tunisia,TN8237182691862431162771,24,20n,TND,false
TR,Turkey,TR5195670RMS69BNV86STW4QY4,26,5n17c,TRY,false
UA,Ukraine,UA42971072NP9W6LDWA6RKRTTIVT7,29,6n19c,UAH,false
VA,Vatican City,VA86428393159279609389,22,18n,EUR,true
VG,British Virgin Islands,VG78EOZB9593615779222224,24,4a16n,USD,false
XK,Kosovo,XK203674285207903157,20,16n,EUR,false
AD,Andorra,AD3123876579TDQC8AXTPCQI,24,8n12c,EUR,true
AE,United Arab Emirates,AE913236565215596705779,23,3n16n,AED,false
AL,Albania,AL6319164072EZN6TJ04OLLFE1XA,28,8n16c,ALL,false
AT,Austria,AT901680676981679645,20,16n,EUR,true
AZ,Azerbaijan,AZ96CFZG8LRFAUMR6RYXPAFPBQ96,28,4a20c,AZN,false
BA,Bosnia and Herzegovina,BA760847583807240324,20,16n,BAM,false
BE,Belgium,BE15319682381849,16,12n,EUR,true
BG,Bulgaria,BG93WRKT896511UUWWQUMU,22,4a6n8c,EUR,true
BH,Bahrain,BH85LRSR3F9B92ZNTS3INV,22,4a14c,BHD,false
BI,Burundi,BI7361637945625896127462858,27,5n5n11n2n,BIF,false
BR,Brazil,BR7208055158642551566524692BC,29,23n1a1c,BRL,false
BY,Belarus,BY13UF9H2080EP0RXF5DA7US041S,28,4c4n16c,BYN,false
CH,Switzerland,CH2313097VNLU2LXNSLB6,21,5n12c,CHF,true
CR,Costa Rica,CR96943705497554896087,22,18n,CRC,false
CY,Cyprus,CY1391577507RLXX9U45AJIWK0NP,28,8n16c,EUR,true
CZ,Czechia,CZ5818884814486947611560,24,20n,CZK,true
DE,Germany,DE04305149255551750866,22,18n,EUR,true
DJ,Djibouti,DJ2154558840410994411610691,27,23n,DJF,false
DK,Denmark,DK0341184644135887,18,14n,DKK,true
DO,Dominican Republic,DO31VP9G21776051484268313608,28,4c20n,DOP,false
EE,Estonia,EE369953282820548906,20,16n,EUR,true
EG,Egypt,EG551433096869350837437764127,29,25n,EGP,false
ES,Spain,ES9811295283821484439479,24,20n,EUR,true
FI,Finland,FI2259983481098957,18,14n,EUR,true
FK,Falkland Islands,FK87RV273291025553,18,2a12n,FKP,false
FO,Faroe Islands,FO1923779907843500,18,14n,DKK,false
FR,France,FR8763357769858R2N78U1D2Q10,27,10n11c2n,EUR,true
GB,United Kingdom,GB80NDUK02036406339645,22,4a14n,GBP,true
GE,Georgia,GE16CJ6161009117584042,22,2a16n,GEL,false
GI,Gibraltar,GI54UJJL9UOTNJNN07HCS4B,23,4a15c,GIP,true
GL,Greenland,GL7882518975325539,18,14n,DKK,false
GR,Greece,GR934936412R3VMVU2XAA5B81SJ,27,7n16c,EUR,true
GT,Guatemala,GT96RVLM11HSNC06PY5DYHG7E7B8,28,4c20c,GTQ,false
HR,Croatia,HR5125127813060750544,21,17n,EUR,true
HU,Hungary,HU68237494140235969043733311,28,24n,HUF,true
IE,Ireland,IE29KPYY82026876521805,22,4a14n,EUR,true
IL,Israel,IL212882246662204504972,23,19n,ILS,false
IQ,Iraq,IQ21TXMB139873999856440,23,4a15n,IQD,false
IS,Iceland,IS598802439905565369320063,26,22n,ISK,true
IT,Italy,IT60U0180932735IW35UAQ83UEI,27,1a10n12c,EUR,true
JO,Jordan,JO64KTBS52539T6BZ62T76Y6L8CGYO,30,4a4n18c,JOD,false
KW,Kuwait,KW56FINI6LTI5KCKM4W7UUIUXA2824,30,4a22c,KWD,false
KZ,Kazakhstan,KZ933052IQ3YJKR1R7W0,20,3n13c,KZT,false
LB,Lebanon,LB638884CBUS8CMMLDQ07D6GAXEC,28,4n20c,LBP,false
LC,Saint Lucia,LC32DHLAQ086X3VTE4MXUZ08LFVJ54OS,32,4a24c,XCD,false
LI,Liechtenstein,LI5277793UB3RRNLL7RIE,21,5n12c,CHF,true
LT,Lithuania,LT744607387557738442,20,16n,EUR,true
LU,Luxembourg,LU91764UH6MZMIH0LICJ,20,3n13c,EUR,true
LV,Latvia,LV63LKQW2QDJDDISVIA0C,21,4a13c,EUR,true
LY,Libya,LY43413390533015754417436,25,21n,LYD,false
MC,Monaco,MC490076100087EZDM5UJMRJJ97,27,10n11c2n,EUR,true
MD,Moldova,MD20K2M8J9H52O3NN0KM33JJ,24,2c18c,MDL,false
ME,Montenegro,ME64672583869209345779,22,18n,EUR,false
MK,North Macedonia,MK69359U418PUYZGL13,19,3n10c2n,MKD,false
MN,Mongolia,MN053410455915658126,20,4n12n,MNT,false
MR,Mauritania,MR3458031344531074531675132,27,23n,MRU,false
MT,Malta,MT41TCQF07147UAUL12JWC2D4CL4ER0,31,4a5n18c,EUR,true
MU,Mauritius,MU03CNQJ9885186732157586720WZK,30,4a19n3a,MUR,false
MZ,Mozambique,MZ55523243360345929297312,25,21n,MZN,false
NI,Nicaragua,NI96BNHR75414291385731492046,28,4a20n,NIO,false
NL,Netherlands,NL86JFPO9143660746,18,4a10n,EUR,true
NO,Norway,NO0543500997959,15,11n,NOK,true
OM,Oman,OM20200GGSVIRQ8W0S51R4O,23,3n16c,OMR,false
PK,Pakistan,PK87HUQQHTALAGI63JNQWXUX,24,4a16c,PKR,false
PL,Poland,PL37400088804783980941910810,28,24n,PLN,true
PS,Palestine,PS90VATRTIT9LMA37LGABGMUVNN3P,29,4a21c,ILS,false
PT,Portugal,PT32036413941337518572626,25,21n,EUR,true
QA,Qatar,QA89PNZU2E28R3TTWW1FQQQP8D4P5,29,4a21c,QAR,false
RO,Romania,RO89AIQGX0GR2CTEFIAUCXWR,24,4a16c,RON,true
RS,Serbia,RS12073051541872520577,22,18n,RSD,false
RU,Russia,RU2395171041329719YULDPTVRG1YPG4D,33,14n15c,RUB,false
SA,Saudi Arabia,SA9019YM0SM36EU4ULSZNL1P,24,2n18c,SAR,false
SC,Seychelles,SC51IKMA19697770330865221944YWF,31,4a20n3a,SCR,false
SD,Sudan,SD6158325823308942,18,14n,SDG,false
SE,Sweden,SE3281414300687472324027,24,20n,SEK,true
SI,Slovenia,SI24942236368815695,19,15n,EUR,true
SK,Slovakia,SK0921185942171480201218,24,20n,EUR,true
SM,San Marino,SM78K8470459115PSGAVBAW4ZXY,27,1a10n12c,EUR,true
ST,Sao Tome and Principe,ST10888914294947215865949,25,21n,STN,false
SV,El Salvador,SV74MSGZ17913285916719853796,28,4a20n,USD,false
TL,Timor-Leste,TL738459009662010587313,23,19n,USD,false
TN,Tunisia,TN6006039615707140383579,24,20n,TND,false
TR,Turkey,TR12301347RSW6HBBF4JB8FE57,26,5n17c,TRY,false
UA,Ukraine,UA80733766IA5DIO11GR3YWPWLFLP,29,6n19c,UAH,false
VA,Vatican City,VA47628377018179507632,22,18n,EUR,true
VG,British Virgin Islands,VG82BPAM8197300433011491,24,4a16n,USD,false
XK,Kosovo,XK517031535629784501,20,16n,EUR,false
AD,Andorra,AD7525937196BVFK44XUD4QJ,24,8n12c,EUR,true
AE,United Arab Emirates,AE287413367427737449351,23,3n16n,AED,false
AL,Albania,AL1203340877PV13N7VS2J3ALFM4,28,8n16c,ALL,false
AT,Austria,AT555912495521006808,20,16n,EUR,true
AZ,Azerbaijan,AZ98OBFDJZXG9ANMBEPYLTTPSTJ8,28,4a20c,AZN,false
BA,Bosnia and Herzegovina,BA338277870455581518,20,16n,BAM,false
BE,Belgium,BE10680352376635,16,12n,EUR,true
BG,Bulgaria,BG05JYXO3545814J10BAGR,22,4a6n8c,EUR,true
BH,Bahrain,BH17ASQCZM43U30U4QCH5C,22,4a14c,BHD,false
BI,Burundi,BI4883719225752175539329622,27,5n5n11n2n,BIF,false
BR,Brazil,BR7312588745942074381249087VK,29,23n1a1c,BRL,false
BY,Belarus,BY408TQL46997I0O08TE9E3A2701,28,4c4n16c,BYN,false
CH,Switzerland,CH2921272BPMM5X43M2JX,21,5n12c,CHF,true
CR,Costa Rica,CR38234359785537785004,22,18n,CRC,false
CY,Cyprus,CY6477682128OVW8N022LBN2ATGR,28,8n16c,EUR,true
CZ,Czechia,CZ8922524146352255845379,24,20n,CZK,true
DE,Germany,DE06293004473238768680,22,18n,EUR,true
DJ,Djibouti,DJ1571781541279351430379724,27,23n,DJF,false
DK,Denmark,DK3785059872691732,18,14n,DKK,true
DO,Dominican Republic,DO60F15S36531017107225077132,28,4c20n,DOP,false
EE,Estonia,EE196423573991902873,20,16n,EUR,true
EG,Egypt,EG913302107069118454913180772,29,25n,EGP,false
ES,Spain,ES5500079567346534974770,24,20n,EUR,true
FI,Finland,FI0998663189327271,18,14n,EUR,true
FK,Falkland Islands,FK48MF307445681703,18,2a12n,FKP,false
FO,Faroe Islands,FO5572873125207256,18,14n,DKK,false
FR,France,FR100216813268VNU2ZJO4LA250,27,10n11c2n,EUR,true
GB,United Kingdom,GB12IVTN79529688724723,22,4a14n,GBP,true
GE,Georgia,GE54TY9505024796868329,22,2a16n,GEL,false
GI,Gibraltar,GI89WFAIL42HOX3EJDEMMXY,23,4a15c,GIP,true
GL,Greenland,GL4628191392147221,18,14n,DKK,false
GR,Greece,GR698030471OZEPOJWA2MT5G6LE,27,7n16c,EUR,true
GT,Guatemala,GT64QE0DW8LTVBA2BIOA9V3B2W0X,28,4c20c,GTQ,false
HR,Croatia,HR2798559886346139125,21,17n,EUR,true
HU,Hungary,HU90250856317162042619768236,28,24n,HUF,true
IE,Ireland,IE70DRBN84697582731145,22,4a14n,EUR,true
IL,Israel,IL521433429497914738193,23,19n,ILS,false
IQ,Iraq,IQ65NHUG157207172400123,23,4a15n,IQD,false
IS,Iceland,IS329578015021961519436252,26,22n,ISK,true
IT,Italy,IT35D6778096960E9VHW69OIYCK,27,1a10n12c,EUR,true
JO,Jordan,JO94STJH0729IFTEOSLKCEBWI8L6G0,30,4a4n18c,JOD,false
KW,Kuwait,KW61FOJXR3AUIA77JXICTLN2JRYFRW,30,4a22c,KWD,false
KZ,Kazakhstan,KZ96951RKBQA0CXW37A9,20,3n13c,KZT,false
LB,Lebanon,LB523005B9KHB2LHW6MHQYKS83M5,28,4n20c,LBP,false
LC,Saint Lucia,LC28XXYSCEIK7NXWLP20WP9YXRAJUMS4,32,4a24c,XCD,false
LI,Liechtenstein,LI9834444IC18SD5QSTWP,21,5n12c,CHF,true
LT,Lithuania,LT401525368670723618,20,16n,EUR,true
LU,Luxembourg,LU10890F27XNFVCTDA8R,20,3n13c,EUR,true
LV,Latvia,LV12AYUX2S24W4E2N9566,21,4a13c,EUR,true
LY,Libya,LY22020152764091885627705,25,21n,LYD,false
MC,Monaco,MC4884853753275DSJL5RNZIN49,27,10n11c2n,EUR,true
MD,Moldova,MD06GJVS9QQ1BOWD02BNWM4S,24,2c18c,MDL,false
ME,Montenegro,ME75132695766721499071,22,18n,EUR,false
MK,North Macedonia,MK35652AURKCUC57Q17,19,3n10c2n,MKD,false
MN,Mongolia,MN922677746591665971,20,4n12n,MNT,false
MR,Mauritania,MR9498913371072100381272804,27,23n,MRU,false
MT,Malta,MT98JZKC38002DL2MBA0EZIXA30D5FB,31,4a5n18c,EUR,true
MU,Mauritius,MU57FWYV2853006791556839500SDL,30,4a19n3a,MUR,false
MZ,Mozambique,MZ53216032358737540510503,25,21n,MZN,false
NI,Nicaragua,NI70GAHS28356563633464755861,28,4a20n,NIO,false
NL,Netherlands,NL85ULPO5296213740,18,4a10n,EUR,true
NO,Norway,NO8823021066947,15,11n,NOK,true
OM,Oman,OM90166EC0GEH16EIOH7JE7,23,3n16c,OMR,false
PK,Pakistan,PK60ZWDH5JB24RKU34T772MJ,24,4a16c,PKR,false
PL,Poland,PL95544329333480650170619749,28,24n,PLN,true
PS,Palestine,PS42AQFK93WZ9A2PG4PHKXKL1NXNB,29,4a21c,ILS,false
PT,Portugal,PT56106876773441388643907,25,21n,EUR,true
QA,Qatar,QA87UGQG214QFQCZZGTDSRC4IWIQD,29,4a21c,QAR,false
RO,Romania,RO22QJGI1N8YWR9WHAV42SHI,24,4a16c,RON,true
RS,Serbia,RS11978171271197286420,22,18n,RSD,false
RU,Russia,RU8678586741030468F2Q6BXNY8NKZ82U,33,14n15c,RUB,false
SA,Saudi Arabia,SA6811MPUBV6B37W92NMZFO5,24,2n18c,SAR,false
SC,Seychelles,SC08AWZZ16540946610687445641UAU,31,4a20n3a,SCR,false
SD,Sudan,SD6283661640583558,18,14n,SDG,false
SE,Sweden,SE5765629634078289004949,24,20n,SEK,true
SI,Slovenia,SI24500734760580486,19,15n,EUR,true
SK,Slovakia,SK5733423235877129749204,24,20n,EUR,true
SM,San Marino,SM48O6317324842J6DMIPQC9P64,27,1a10n12c,EUR,true
ST,Sao Tome and Principe,ST13331774745150497738476,25,21n,STN,false
SV,El Salvador,SV04FSOU04757255339972901861,28,4a20n,USD,false
TL,Timor-Leste,TL275264405636475915009,23,19n,USD,false
TN,Tunisia,TN3606869019949596420135,24,20n,TND,false
TR,Turkey,TR3788098HGHEBRYDXN5C3NEVY,26,5n17c,TRY,false
UA,Ukraine,UA77449529ZJ5CJFZWNT2BQXYQSTV,29,6n19c,UAH,false
VA,Vatican City,VA45888929614747540632,22,18n,EUR,true
VG,British Virgin Islands,VG87FGIG3162705026561481,24,4a16n,USD,false
XK,Kosovo,XK968500498186539548,20,16n,EUR,false
AD,Andorra,AD9224872904AJKAQBXCM3WJ,24,8n12c,EUR,true
AE,United Arab Emirates,AE542194569218287244948,23,3n16n,AED,false
AL,Albania,AL7415762976A19A7UNGJ7ZM9UB3,28,8n16c,ALL,false
AT,Austria,AT070525852896111587,20,16n,EUR,true
AZ,Azerbaijan,AZ95HKWUDQTNGC6WKNLWIOJGF4NO,28,4a20c,AZN,false
BA,Bosnia and Herzegovina,BA500607907446571526,20,16n,BAM,false
BE,Belgium,BE58973246829130,16,12n,EUR,true
BG,Bulgaria,BG66KVAZ029682YJ461FEH,22,4a6n8c,EUR,true
BH,Bahrain,BH59DAKB93T71CQ0EPU1UF,22,4a14c,BHD,false
BI,Burundi,BI6210283936658782657250162,27,5n5n11n2n,BIF,false
BR,Brazil,BR5219365216902118042888461JI,29,23n1a1c,BRL,false
BY,Belarus,BY471X3F6373MZT9ZO0L3PIHRMTG,28,4c4n16c,BYN,false
CH,Switzerland,CH8699955MP9QRNDOEPY9,21,5n12c,CHF,true
CR,Costa Rica,CR17332359575478451563,22,18n,CRC,false
CY,Cyprus,CY1117968712K0VL8JYJERM09CT9,28,8n16c,EUR,true
CZ,Czechia,CZ0950520417115938261369,24,20n,CZK,true
DE,Germany,DE16839676785779496450,22,18n,EUR,true
DJ,Djibouti,DJ1824801562621023435706842,27,23n,DJF,false
DK,Denmark,DK4909112222832508,18,14n,DKK,true
DO,Dominican Republic,DO24P66249566040837301568779,28,4c20n,DOP,false
EE,Estonia,EE898746744397279938,20,16n,EUR,true
EG,Egypt,EG479960742141580510743148188,29,25n,EGP,false
ES,Spain,ES1749159111980551236607,24,20n,EUR,true
FI,Finland,FI4884049238942984,18,14n,EUR,true
FK,Falkland Islands,FK37VH418968323347,18,2a12n,FKP,false
FO,Faroe Islands,FO5921345650114474,18,14n,DKK,false
FR,France,FR619432064262TVP0ZFXETRN56,27,10n11c2n,EUR,true
GB,United Kingdom,GB62BGFR90976885969583,22,4a14n,GBP,true
GE,Georgia,GE09AF3103131766885088,22,2a16n,GEL,false
GI,Gibraltar,GI83MYCY5ADX3LSFEARZVNC,23,4a15c,GIP,true
GL,Greenland,GL3959118309856195,18,14n,DKK,false
GR,Greece,GR310762090RK3PIVJ7EUTNJCLB,27,7n16c,EUR,true
GT,Guatemala,GT61EPP02I4T4X0NN5CGUVTMZ56K,28,4c20c,GTQ,false
HR,Croatia,HR7543531903500569923,21,17n,EUR,true
HU,Hungary,HU61535565404885927342909215,28,24n,HUF,true
IE,Ireland,IE02STWN92484124757344,22,4a14n,EUR,true
IL,Israel,IL900459121972818772123,23,19n,ILS,false
IQ,Iraq,IQ85YGEL715463956852826,23,4a15n,IQD,false
IS,Iceland,IS685834955617687669941091,26,22n,ISK,true
IT,Italy,IT11A5387291441LLMO0HKMMDLK,27,1a10n12c,EUR,true
JO,Jordan,JO59LJZL9229P6LHI020H7Q1HYCO9A,30,4a4n18c,JOD,false
KW,Kuwait,KW30ODFY0G0NPTH75R40MDQCU2Z0WV,30,4a22c,KWD,false
KZ,Kazakhstan,KZ47077HX5PAIQZH360I,20,3n13c,KZT,false
LB,Lebanon,LB466597C5H5DG3GAH4IJFLN86O0,28,4n20c,LBP,false
LC,Saint Lucia,LC90PPSDU1INVJJIL5KO48AUIUDEVQVB,32,4a24c,XCD,false
LI,Liechtenstein,LI2580761BMGTVKAE1SRH,21,5n12c,CHF,true
LT,Lithuania,LT127341631886601199,20,16n,EUR,true
LU,Luxembourg,LU61170VHRZANJFVPZAO,20,3n13c,EUR,true
LV,Latvia,LV69GBUIR5UXMY4DBLW3G,21,4a13c,EUR,true
LY,Libya,LY27564854031922506404927,25,21n,LYD,false
MC,Monaco,MC713860739103RBSQDTUTA7700,27,10n11c2n,EUR,true
MD,Moldova,MD12NJEHPUJB6QO0JGE4DPCQ,24,2c18c,MDL,false
ME,Montenegro,ME62770190765793170343,22,18n,EUR,false
MK,North Macedonia,MK68295JF48AO8YPV79,19,3n10c2n,MKD,false
MN,Mongolia,MN772462769003434938,20,4n12n,MNT,false
MR,Mauritania,MR3515157192143815059424385,27,23n,MRU,false
MT,Malta,MT58NMQM65432ZE6VZYWZHG0BGC0OIV,31,4a5n18c,EUR,true
MU,Mauritius,MU23DQAN1660263387745197985IPG,30,4a19n3a,MUR,false
MZ,Mozambique,MZ37350330724077513062845,25,21n,MZN,false
NI,Nicaragua,NI76TZFE45849710105754572601,28,4a20n,NIO,false
NL,Netherlands,NL26YOVK8489946566,18,4a10n,EUR,true
NO,Norway,NO7495081344722,15,11n,NOK,true
OM,Oman,OM78098Y0VTXJI2XBHHVEPR,23,3n16c,OMR,false
PK,Pakistan,PK45YBQMUS3RNMIC61IOZPY2,24,4a16c,PKR,false
PL,Poland,PL44390661530497288065050434,28,24n,PLN,true
PS,Palestine,PS04VFEL28K6FONMQNAMAUW2V97FS,29,4a21c,ILS,false
PT,Portugal,PT76657921054749477664446,25,21n,EUR,true
QA,Qatar,QA83MVVZZ8TD7EDZLWZ0BWI48QZV3,29,4a21c,QAR,false
RO,Romania,RO94SKXK10UDMDAGHNO2UFJ1,24,4a16c,RON,true
RS,Serbia,RS32550700546280311396,22,18n,RSD,false
RU,Russia,RU2198727056452229JUAFOTRI7SVDNVM,33,14n15c,RUB,false
SA,Saudi Arabia,SA1703G15PTLL5720MOX9HYG,24,2n18c,SAR,false
SC,Seychelles,SC05JZFG69196368629082923521FDN,31,4a20n3a,SCR,false
SD,Sudan,SD5305851943750004,18,14n,SDG,false
SE,Sweden,SE7041121239718299976285,24,20n,SEK,true
SI,Slovenia,SI63281941385690821,19,15n,EUR,true
SK,Slovakia,SK3363669099286063914825,24,20n,EUR,true
SM,San Marino,SM29J42314096346WDQHA5ETZLT,27,1a10n12c,EUR,true
ST,Sao Tome and Principe,ST06804716571507027818462,25,21n,STN,false
SV,El Salvador,SV33BZTI04059502641372217902,28,4a20n,USD,false
TL,Timor-Leste,TL882535237388985438378,23,19n,USD,false
TN,Tunisia,TN1666624600150487416763,24,20n,TND,false
TR,Turkey,TR6516354EE368DJGCQAH2V83A,26,5n17c,TRY,false
UA,Ukraine,UA25919101DMZKDMRV2X7QYEDKSL7,29,6n19c,UAH,false
VA,Vatican City,VA55982678091073268629,22,18n,EUR,true
VG,British Virgin Islands,VG88FDDJ0175245531272819,24,4a16n,USD,false
XK,Kosovo,XK178957344082200826,20,16n,EUR,false
AD,Andorra,AD3561968890XQMDIA0VHP8C,24,8n12c,EUR,true
AE,United Arab Emirates,AE149234795850081594707,23,3n16n,AED,false
AL,Albania,AL5812718963TZG2ACL7V9ES7TS3,28,8n16c,ALL,false
AT,Austria,AT110549662972217252,20,16n,EUR,true
AZ,Azerbaijan,AZ68QGXZX9D0E1UHC3YTNWUXX1HZ,28,4a20c,AZN,false
BA,Bosnia and Herzegovina,BA195847263085769982,20,16n,BAM,false
BE,Belgium,BE31444485190085,16,12n,EUR,true
BG,Bulgaria,BG98HJXH2947679AAIEHWT,22,4a6n8c,EUR,true
BH,Bahrain,BH65ICKEK0RJDHHIAJ0B79,22,4a14c,BHD,false
BI,Burundi,BI2488670669024036721027867,27,5n5n11n2n,BIF,false
BR,Brazil,BR6075636331550975406180127CM,29,23n1a1c,BRL,false
BY,Belarus,BY85CSZW3528QGATHUHITKVMC23Q,28,4c4n16c,BYN,false
CH,Switzerland,CH94690832SJAGIBYWYLH,21,5n12c,CHF,true
CR,Costa Rica,CR98788937967969034018,22,18n,CRC,false
CY,Cyprus,CY5335761333Q92U3ZACFUV8H1QO,28,8n16c,EUR,true
CZ,Czechia,CZ6702395325145748022561,24,20n,CZK,true
DE,Germany,DE44580813097089752487,22,18n,EUR,true
DJ,Djibouti,DJ8247224542731436646776733,27,23n,DJF,false
DK,Denmark,DK8806822442707301,18,14n,DKK,true
DO,Dominican Republic,DO36887Z48258822462273111561,28,4c20n,DOP,false
EE,Estonia,EE986605889909142256,20,16n,EUR,true
EG,Egypt,EG609050549146063629096406177,29,25n,EGP,false
ES,Spain,ES0899838416652352902797,24,20n,EUR,true
FI,Finland,FI8682551565921935,18,14n,EUR,true
FK,Falkland Islands,FK76FT529920191405,18,2a12n,FKP,false
FO,Faroe Islands,FO7495819026389335,18,14n,DKK,false
FR,France,FR3709762728297H5ZC6EDXYD20,27,10n11c2n,EUR,true
GB,United Kingdom,GB18SWYI81877006408581,22,4a14n,GBP,true
GE,Georgia,GE19TX8612418316548903,22,2a16n,GEL,false
GI,Gibraltar,GI79KTDMLMVP2JQ76TA92KU,23,4a15c,GIP,true
GL,Greenland,GL5870523795573107,18,14n,DKK,false
GR,Greece,GR076645968RDRKAKTWGMCGFERN,27,7n16c,EUR,true
GT,Guatemala,GT337EDGFLWJBBZ58UC6N8ELUFGB,28,4c20c,GTQ,false
HR,Croatia,HR4905621536420948220,21,17n,EUR,true
HU,Hungary,HU65596150424985036720131782,28,24n,HUF,true
IE,Ireland,IE48FUVW95265365935745,22,4a14n,EUR,true
IL,Israel,IL758493148592329682113,23,19n,ILS,false
IQ,Iraq,IQ21KEUL518770666263937,23,4a15n,IQD,false
IS,Iceland,IS487975153211051669952785,26,22n,ISK,true
IT,Italy,IT86O2727338982Y6AIA5PRZ1VZ,27,1a10n12c,EUR,true
JO,Jordan,JO43THLQ1292VO84O3JOH1IGV3C1QS,30,4a4n18c,JOD,false
KW,Kuwait,KW03HFNJ0N6GMN8UDZOUT5W6DC2Y4M,30,4a22c,KWD,false
KZ,Kazakhstan,KZ63279GZLPNG3K0I0HX,20,3n13c,KZT,false
LB,Lebanon,LB5812499COPOC9QE7NMTJAZHCIQ,28,4n20c,LBP,false
LC,Saint Lucia,LC39ZOTAPD2665CB4JB6DHAMWY1FOX5H,32,4a24c,XCD,false
LI,Liechtenstein,LI8778184UH12K13CFZTR,21,5n12c,CHF,true
LT,Lithuania,LT987854319067334734,20,16n,EUR,true
LU,Luxembourg,LU63247ZU66BNWXYCF0V,20,3n13c,EUR,true
LV,Latvia,LV75UCDQNX9IR6OWJSKP3,21,4a13c,EUR,true
LY,Libya,LY33308563433058694624639,25,21n,LYD,false
MC,Monaco,MC122484697367H68PQRJ8FJZ11,27,10n11c2n,EUR,true
MD,Moldova,MD446T9ETXL6NEX4I8ZPP9A0,24,2c18c,MDL,false
ME,Montenegro,ME89840958655838354805,22,18n,EUR,false
MK,North Macedonia,MK35441UA1EI0KWXC40,19,3n10c2n,MKD,false
MN,Mongolia,MN049870980343648958,20,4n12n,MNT,false
MR,Mauritania,MR0427681639814930815542111,27,23n,MRU,false
MT,Malta,MT71RYBJ63012P2RJ8COGMDE5DP3HAP,31,4a5n18c,EUR,true
MU,Mauritius,MU88RAON4649899939618667784APW,30,4a19n3a,MUR,false
MZ,Mozambique,MZ21361980405732950293369,25,21n,MZN,false
NI,Nicaragua,NI82MDKX86268811094142635516,28,4a20n,NIO,false
NL,Netherlands,NL62PQGJ1915145549,18,4a10n,EUR,true
NO,Norway,NO0784811486836,15,11n,NOK,true
OM,Oman,OM19049RO3Y0621Z9694LL4,23,3n16c,OMR,false
PK,Pakistan,PK59DYVRZCPAZ6XGH0F0DGW0,24,4a16c,PKR,false
PL,Poland,PL24901927445593985228299942,28,24n,PLN,true
PS,Palestine,PS18QGFFW4D3KUZZDW0H5EP3SKIU0,29,4a21c,ILS,false
PT,Portugal,PT13802650750448873745915,25,21n,EUR,true
QA,Qatar,QA39KIDUSLMADJCQRDF6YB8AEZ0UE,29,4a21c,QAR,false
RO,Romania,RO66QEAXJLPBER0YCGR2WO6U,24,4a16c,RON,true
RS,Serbia,RS75041051079736551515,22,18n,RSD,false
RU,Russia,RU77138799783532784NXMI64RO2P5XFL,33,14n15c,RUB,false
SA,Saudi Arabia,SA9754SHRZK9756A0HMF1HKN,24,2n18c,SAR,false
SC,Seychelles,SC25SRTB75326325851473069474HFF,31,4a20n3a,SCR,false
SD,Sudan,SD8591764293521681,18,14n,SDG,false
SE,Sweden,SE0472926480534526300237,24,20n,SEK,true
SI,Slovenia,SI45923132288201842,19,15n,EUR,true
SK,Slovakia,SK1700826258216908774981,24,20n,EUR,true
SM,San Marino,SM45Q7201737693UZJLHMFHS0JI,27,1a10n12c,EUR,true
ST,Sao Tome and Principe,ST61212585253417181241345,25,21n,STN,false
SV,El Salvador,SV59OVNE12535805563120117682,28,4a20n,USD,false
TL,Timor-Leste,TL158571973674534939407,23,19n,USD,false
TN,Tunisia,TN8798611667617350070706,24,20n,TND,false
TR,Turkey,TR02079224OFBO5F009NZANIDC,26,5n17c,TRY,false
UA,Ukraine,UA53133098MJKEYMZBVQ8O4LBW2A1,29,6n19c,UAH,false
VA,Vatican City,VA08674087839566323709,22,18n,EUR,true
VG,British Virgin Islands,VG84EXAD3974889976225647,24,4a16n,USD,false
XK,Kosovo,XK439299784739383747,20,16n,EUR,false
AD,Andorra,AD0817770988B7EBA78S2DGG,24,8n12c,EUR,true
AE,United Arab Emirates,AE438671784918831664632,23,3n16n,AED,false
AL,Albania,AL71252340066LUTXQ07BWMZ70S0,28,8n16c,ALL,false
AT,Austria,AT312751675224084157,20,16n,EUR,true
AZ,Azerbaijan,AZ59MYOTOHXHFM4NOO0F79FWGGZ8,28,4a20c,AZN,false
BA,Bosnia and Herzegovina,BA028501941476434908,20,16n,BAM,false
BE,Belgium,BE77043462376754,16,12n,EUR,true
BG,Bulgaria,BG37EUKJ402201HLESK86N,22,4a6n8c,EUR,true
BH,Bahrain,BH57SHJDN0HNA8NJ6TBQ8B,22,4a14c,BHD,false
BI,Burundi,BI3956422364785838077756721,27,5n5n11n2n,BIF,false
BR,Brazil,BR4838871544080313063810710R4,29,23n1a1c,BRL,false
BY,Belarus,BY56EFCB7127Z76ZDLYOSHD3869G,28,4c4n16c,BYN,false
CH,Switzerland,CH3118026UIBRD27PN8W3,21,5n12c,CHF,true
CR,Costa Rica,CR96657043951058704400,22,18n,CRC,false
CY,Cyprus,CY8451221319V63LKKY3Z0ZJ9NNZ,28,8n16c,EUR,true
CZ,Czechia,CZ7143433264717443699413,24,20n,CZK,true
DE,Germany,DE86564569720366888280,22,18n,EUR,true
DJ,Djibouti,DJ1329863344096399802552924,27,23n,DJF,false
DK,Denmark,DK7821356224564143,18,14n,DKK,true
DO,Dominican Republic,DO20XISX22124077091650099877,28,4c20n,DOP,false
EE,Estonia,EE198513123227150451,20,16n,EUR,true
EG,Egypt,EG067105980618924285217623293,29,25n,EGP,false
ES,Spain,ES4367610807606714539479,24,20n,EUR,true
FI,Finland,FI0374256703766882,18,14n,EUR,true
FK,Falkland Islands,FK17TT489331199676,18,2a12n,FKP,false
FO,Faroe Islands,FO3089977427207000,18,14n,DKK,false
FR,France,FR326268958035AXFTZMPIA8P93,27,10n11c2n,EUR,true
GB,United Kingdom,GB03EZDR88623562143357,22,4a14n,GBP,true
GE,Georgia,GE81UX8743906104069142,22,2a16n,GEL,false
GI,Gibraltar,GI55QJKVWUMINQWSGSS086T,23,4a15c,GIP,true
GL,Greenland,GL9662800454528089,18,14n,DKK,false
GR,Greece,GR3703423008NLFI9FANVXBQULP,27,7n16c,EUR,true
GT,Guatemala,GT686AZ5D70REIGFJHIY4ZM9QI1U,28,4c20c,GTQ,false
HR,Croatia,HR6084335107393030951,21,17n,EUR,true
HU,Hungary,HU83636286090897710509617717,28,24n,HUF,true
IE,Ireland,IE63IIVU03471892240021,22,4a14n,EUR,true
IL,Israel,IL264538862408512392413,23,19n,ILS,false
IQ,Iraq,IQ72CKNE350696758996443,23,4a15n,IQD,false
IS,Iceland,IS170392562553661499624908,26,22n,ISK,true
IT,Italy,IT80A1928620380OWM9U5A69TUF,27,1a10n12c,EUR,true
JO,Jordan,JO30AVDH7547AIEMEL8VP9605X0ONQ,30,4a4n18c,JOD,false
KW,Kuwait,KW46NSZNYLISDSH4HN0YOF4FMRLS28,30,4a22c,KWD,false
KZ,Kazakhstan,KZ03171RQTGWOMIM6MRI,20,3n13c,KZT,false
LB,Lebanon,LB179710ZTN7OPGR9TWP2OWFXKQL,28,4n20c,LBP,false
LC,Saint Lucia,LC22KIBZ7TIYAM79V4T81JTS68FTXH2U,32,4a24c,XCD,false
LI,Liechtenstein,LI7720293GGF27OMRZLMI,21,5n12c,CHF,true
LT,Lithuania,LT132698476098517467,20,16n,EUR,true
LU,Luxembourg,LU59178KXLNZ56H4EHM9,20,3n13c,EUR,true
LV,Latvia,LV92KNMMCB50NBSZ92EKZ,21,4a13c,EUR,true
LY,Libya,LY37962535643648266334441,25,21n,LYD,false
MC,Monaco,MC6512176926547SBQIBG8T0H31,27,10n11c2n,EUR,true
MD,Moldova,MD21DDCO34VXM5MVX0YUAMTP,24,2c18c,MDL,false
ME,Montenegro,ME29191422868707094002,22,18n,EUR,false
MK,North Macedonia,MK538313POS0S2MMT01,19,3n10c2n,MKD,false
MN,Mongolia,MN620837539479585728,20,4n12n,MNT,false
MR,Mauritania,MR7961554794967915143029007,27,23n,MRU,false
MT,Malta,MT60CEZR77727ET8VTXIAXCNAYIVCCY,31,4a5n18c,EUR,true
MU,Mauritius,MU20DSJQ4499527870049028654AUX,30,4a19n3a,MUR,false
MZ,Mozambique,MZ10458167007531651512399,25,21n,MZN,false
NI,Nicaragua,NI61RWVR16623677254268944242,28,4a20n,NIO,false
NL,Netherlands,NL25MPYA0115744488,18,4a10n,EUR,true
NO,Norway,NO6826983991443,15,11n,NOK,true
OM,Oman,OM13875R4OCN8G2IQ23PAD3,23,3n16c,OMR,false
PK,Pakistan,PK45STCNJH8OA9LU9KFW4J9L,24,4a16c,PKR,false
PL,Poland,PL71990132022866109377361829,28,24n,PLN,true
PS,Palestine,PS79WGER4PIJPJTGXT82YPWHW0QL5,29,4a21c,ILS,false
PT,Portugal,PT28110454001470785083205,25,21n,EUR,true
QA,Qatar,QA53LRNLLZ2W6B4IMVL3HAS7Z3FRW,29,4a21c,QAR,false
RO,Romania,RO12ODKMB9231TZRL7ZXPFXY,24,4a16c,RON,true
RS,Serbia,RS11709902530058593803,22,18n,RSD,false
RU,Russia,RU8982630057603175KN0TP2TARMGC6VM,33,14n15c,RUB,false
SA,Saudi Arabia,SA21793VQHCAQA74VSX4VW0B,24,2n18c,SAR,false
SC,Seychelles,SC76PBSR10915004863535002757VJU,31,4a20n3a,SCR,false
SD,Sudan,SD4892215992709106,18,14n,SDG,false
SE,Sweden,SE2400294420323899783065,24,20n,SEK,true
SI,Slovenia,SI08126301488989364,19,15n,EUR,true
SK,Slovakia,SK3883085126640506580305,24,20n,EUR,true
SM,San Marino,SM16F4344032526T93GFKF4RDMS,27,1a10n12c,EUR,true
ST,Sao Tome and Principe,ST81408102034669925101567,25,21n,STN,false
SV,El Salvador,SV24FCHV62026854071004968717,28,4a20n,USD,false
TL,Timor-Leste,TL439054464099639870869,23,19n,USD,false
TN,Tunisia,TN2832853997018345852185,24,20n,TND,false
TR,Turkey,TR3284484B8Z87FUFWJ9QFTNUL,26,5n17c,TRY,false
UA,Ukraine,UA85758972MOD1HO8C7EVT2O8AVDD,29,6n19c,UAH,false
VA,Vatican City,VA42048574119893154485,22,18n,EUR,true
VG,British Virgin Islands,VG67VUKX4520389046058201,24,4a16n,USD,false
XK,Kosovo,XK165685959303024354,20,16n,EUR,false
AD,Andorra,AD0400892087LI0KHCTJYE2X,24,8n12c,EUR,true
AE,United Arab Emirates,AE087686427679863451944,23,3n16n,AED,false
AL,Albania,AL6917630705XOTAIBZBR6MIWXIJ,28,8n16c,ALL,false
AT,Austria,AT760696533410920969,20,16n,EUR,true
AZ,Azerbaijan,AZ72RMPVDCUV8151HXRY642OAMX2,28,4a20c,AZN,false
BA,Bosnia and Herzegovina,BA169062598363349539,20,16n,BAM,false
BE,Belgium,BE96061839467859,16,12n,EUR,true
BG,Bulgaria,BG60IWOZ243513K2PR4GF8,22,4a6n8c,EUR,true
BH,Bahrain,BH47DSPMH8PWTB306KLHUA,22,4a14c,BHD,false
BI,Burundi,BI8934664181224567844998815,27,5n5n11n2n,BIF,false
BR,Brazil,BR9892541829825099075533633V1,29,23n1a1c,BRL,false
BY,Belarus,BY08LLJJ1606WLXXI6XHIRNU9110,28,4c4n16c,BYN,false
CH,Switzerland,CH49300506TUT962J6PA6,21,5n12c,CHF,true
CR,Costa Rica,CR91639802740094204654,22,18n,CRC,false
CY,Cyprus,CY15008639541ELB66Q9XCSBXT2X,28,8n16c,EUR,true
CZ,Czechia,CZ6429192473081280674825,24,20n,CZK,true
DE,Germany,DE87055066161884374081,22,18n,EUR,true
DJ,Djibouti,DJ3210599539496491745040731,27,23n,DJF,false
DK,Denmark,DK4921047783487037,18,14n,DKK,true
DO,Dominican Republic,DO73MIEL15206959519701916117,28,4c20n,DOP,false
EE,Estonia,EE736281517849374352,20,16n,EUR,true
EG,Egypt,EG619587183223230012400807479,29,25n,EGP,false
ES,Spain,ES3345749507381727820628,24,20n,EUR,true
FI,Finland,FI9248972093802162,18,14n,EUR,true
FK,Falkland Islands,FK28TO901100931388,18,2a12n,FKP,false
FO,Faroe Islands,FO3644302057331516,18,14n,DKK,false
FR,France,FR8534000893638XFTUYWYH5H49,27,10n11c2n,EUR,true
GB,United Kingdom,GB50ALOP80644396818687,22,4a14n,GBP,true
GE,Georgia,GE34IB3133069971068812,22,2a16n,GEL,false
GI,Gibraltar,GI74WZFBRI4C3L28NTAOQKP,23,4a15c,GIP,true
GL,Greenland,GL7740500052544862,18,14n,DKK,false
GR,Greece,GR608285104F81WHBS6YWT9L6JG,27,7n16c,EUR,true
GT,Guatemala,GT48CDMFB4Q48QG3CSVNQXUFZ9QW,28,4c20c,GTQ,false
HR,Croatia,HR7823097400452883243,21,17n,EUR,true
HU,Hungary,HU93916489641373499969470090,28,24n,HUF,true
IE,Ireland,IE57DMQA03325940855015,22,4a14n,EUR,true
IL,Israel,IL033344781311911489304,23,19n,ILS,false
IQ,Iraq,IQ65ZPJH561599755281124,23,4a15n,IQD,false
IS,Iceland,IS181926487910111381220586,26,22n,ISK,true
IT,Italy,IT46M3126578793YRJ15W0NI7X5,27,1a10n12c,EUR,true
JO,Jordan,JO69CAUC7155NNTE69SAQ4EZWRAW25,30,4a4n18c,JOD,false
KW,Kuwait,KW22EZFOA2D4QQFBKNTFKGOE4EWU28,30,4a22c,KWD,false
KZ,Kazakhstan,KZ52928NNBWTEWFIDY4M,20,3n13c,KZT,false
LB,Lebanon,LB052339DRV46GQ0W7L0DLWUYLVI,28,4n20c,LBP,false
LC,Saint Lucia,LC51WOCEW2YYGG6B2QJEM0V2SF8IJA92,32,4a24c,XCD,false
LI,Liechtenstein,LI9421013CTSE8PD76CK3,21,5n12c,CHF,true
LT,Lithuania,LT756494211930466454,20,16n,EUR,true
LU,Luxembourg,LU88969QGGU1NKYHEWPU,20,3n13c,EUR,true
LV,Latvia,LV69GSKSWY6FP8057B65A,21,4a13c,EUR,true
LY,Libya,LY15715844795695047913482,25,21n,LYD,false
MC,Monaco,MC723357975167BJUJIBPDKBO46,27,10n11c2n,EUR,true
MD,Moldova,MD1810NRE05J8UEMUY1K9INO,24,2c18c,MDL,false
ME,Montenegro,ME82107585743880806154,22,18n,EUR,false
MK,North Macedonia,MK700933ZT8NXZJOB64,19,3n10c2n,MKD,false
MN,Mongolia,MN296028262466834733,20,4n12n,MNT,false
MR,Mauritania,MR7847592149590535423269712,27,23n,MRU,false
MT,Malta,MT39NEKC29683GO8CSNQ5V24SGS77UX,31,4a5n18c,EUR,true
MU,Mauritius,MU70YUGV4662222488554693162EUW,30,4a19n3a,MUR,false
MZ,Mozambique,MZ20943554864263581726505,25,21n,MZN,false
NI,Nicaragua,NI16BGMR48392576658453787967,28,4a20n,NIO,false
NL,Netherlands,NL23JZKC9678104401,18,4a10n,EUR,true
NO,Norway,NO5370866517785,15,11n,NOK,true
OM,Oman,OM13684TXLV7MBL982NSW3J,23,3n16c,OMR,false
PK,Pakistan,PK15EYMWARFATKTALFEH0DHS,24,4a16c,PKR,false
PL,Poland,PL57443413077949763292069907,28,24n,PLN,true
PS,Palestine,PS36WOIMHX615XDS4CT4RHLM9JPJI,29,4a21c,ILS,false
PT,Portugal,PT95832739544335036131589,25,21n,EUR,true
QA,Qatar,QA31XGCLTO9HVMB0OAQGPBPX0DFKU,29,4a21c,QAR,false
RO,Romania,RO10EKTE3D6RIHGZPSZMJOXD,24,4a16c,RON,true
RS,Serbia,RS27062608000831863399,22,18n,RSD,false
RU,Russia,RU8929324422043849GQJ0JNRPRZ3KF4Q,33,14n15c,RUB,false
SA,Saudi Arabia,SA61630QGA8AYKQRM77HWMET,24,2n18c,SAR,false
SC,Seychelles,SC59TEGE90017620606888261931JIQ,31,4a20n3a,SCR,false
SD,Sudan,SD5518253209793639,18,14n,SDG,false
SE,Sweden,SE6136830851869239098110,24,20n,SEK,true
SI,Slovenia,SI84334124973841606,19,15n,EUR,true
SK,Slovakia,SK8307872125739176540918,24,20n,EUR,true
SM,San Marino,SM43X98952550224Q5969HQ0HVY,27,1a10n12c,EUR,true
ST,Sao Tome and Principe,ST23820541741701690057805,25,21n,STN,false
SV,El Salvador,SV32OULT19945916512340388681,28,4a20n,USD,false
TL,Timor-Leste,TL987951417107539666951,23,19n,USD,false
TN,Tunisia,TN8845855125557631907180,24,20n,TND,false
TR,Turkey,TR9715023BT40XY2IKO5D6PWW1,26,5n17c,TRY,false
UA,Ukraine,UA15579298TJ627Q0E9ZCW0O7IGG0,29,6n19c,UAH,false
VA,Vatican City,VA13656894406074670015,22,18n,EUR,true
VG,British Virgin Islands,VG97XVMX7593859746454807,24,4a16n,USD,false
XK,Kosovo,XK465776831838319280,20,16n,EUR,false
AD,Andorra,AD8746409487A461IVLXYQAM,24,8n12c,EUR,true
AE,United Arab Emirates,AE955854232370199241881,23,3n16n,AED,false
AL,Albania,AL4139236013ZSTIDWQLZF5UVQ40,28,8n16c,ALL,false
AT,Austria,AT773060894935610723,20,16n,EUR,true
AZ,Azerbaijan,AZ62XSFBXHF2D0WJWSFNNQW1Z648,28,4a20c,AZN,false
BA,Bosnia and Herzegovina,BA025527233498927962,20,16n,BAM,false
BE,Belgium,BE08907596024805,16,12n,EUR,true
BG,Bulgaria,BG43HTRY362016JMQ02AKO,22,4a6n8c,EUR,true
BH,Bahrain,BH22SZJYP06FBBG5D9LSNV,22,4a14c,BHD,false
BI,Burundi,BI0913396416217750651152194,27,5n5n11n2n,BIF,false
BR,Brazil,BR7622280386403790022506064AJ,29,23n1a1c,BRL,false
BY,Belarus,BY11B2VI3066X117EX244WZ85017,28,4c4n16c,BYN,false
CH,Switzerland,CH4325003QWAPCWQPU0UL,21,5n12c,CHF,true
CR,Costa Rica,CR57960755270172237988,22,18n,CRC,false
CY,Cyprus,CY64317251142UC8UZR5UKTR59EI,28,8n16c,EUR,true
CZ,Czechia,CZ8277655774818560571656,24,20n,CZK,true
DE,Germany,DE57812979171291716037,22,18n,EUR,true
DJ,Djibouti,DJ1331668588719374033012183,27,23n,DJF,false
DK,Denmark,DK9080694133382483,18,14n,DKK,true
DO,Dominican Republic,DO57IE6278145382615249988016,28,4c20n,DOP,false
EE,Estonia,EE290629264376427596,20,16n,EUR,true
EG,Egypt,EG191979234957908666640666542,29,25n,EGP,false
ES,Spain,ES4020894300460231447221,24,20n,EUR,true
FI,Finland,FI6150172531112610,18,14n,EUR,true
FK,Falkland Islands,FK85PA065626566032,18,2a12n,FKP,false
FO,Faroe Islands,FO5738717007123029,18,14n,DKK,false
FR,France,FR741259207169PA680D61PW202,27,10n11c2n,EUR,true
GB,United Kingdom,GB15BENE85672293083145,22,4a14n,GBP,true
GE,Georgia,GE48CV9100880929267543,22,2a16n,GEL,false
GI,Gibraltar,GI44BZGW2XGRND6IVTOBSIF,23,4a15c,GIP,true
GL,Greenland,GL0774519464365618,18,14n,DKK,false
GR,Greece,GR1751976123NBNWZPK3PW0RXH1,27,7n16c,EUR,true
GT,Guatemala,GT70KT7GNUOIJPZ1DCRVX5FAJ60V,28,4c20c,GTQ,false
HR,Croatia,HR5799772040924965063,21,17n,EUR,true
HU,Hungary,HU69363360079471115635910212,28,24n,HUF,true
IE,Ireland,IE58WSNO19460304112940,22,4a14n,EUR,true
IL,Israel,IL507449125896719684995,23,19n,ILS,false
IQ,Iraq,IQ36GXAT244019823114740,23,4a15n,IQD,false
IS,Iceland,IS044167155650046221124244,26,22n,ISK,true
IT,Italy,IT50M1561975454KAIUQ5KTWU62,27,1a10n12c,EUR,true
JO,Jordan,JO80GMAD5235VFU4WN97YYCD4KXXOD,30,4a4n18c,JOD,false
KW,Kuwait,KW88HIKYWXEVWVOWI1XZDPHE3UHS7X,30,4a22c,KWD,false
KZ,Kazakhstan,KZ77572XMDJRDGTOHSRX,20,3n13c,KZT,false
LB,Lebanon,LB140413M7EADSIVYOBX4CV4LXZ7,28,4n20c,LBP,false
LC,Saint Lucia,LC28HZOQFS2NPTLBV2QWNOGALTIYHBCT,32,4a24c,XCD,false
LI,Liechtenstein,LI4438034IRFXKSN9N71H,21,5n12c,CHF,true
LT,Lithuania,LT900237898841047263,20,16n,EUR,true
LU,Luxembourg,LU97105N2FL1HG3TRUNY,20,3n13c,EUR,true
LV,Latvia,LV42MJVQAFXT4UF4DYNJ1,21,4a13c,EUR,true
LY,Libya,LY23870321115323376453824,25,21n,LYD,false
MC,Monaco,MC039388474933IU5OEILJQOH37,27,10n11c2n,EUR,true
MD,Moldova,MD27TMN3DUZIZKFZT3S56YUF,24,2c18c,MDL,false
ME,Montenegro,ME86290871697488055973,22,18n,EUR,false
MK,North Macedonia,MK05357ONAX2OKBB264,19,3n10c2n,MKD,false
MN,Mongolia,MN486358581543533172,20,4n12n,MNT,false
MR,Mauritania,MR3908238524627811361629487,27,23n,MRU,false
MT,Malta,MT70OTTM14519D52S1BUU728JDF325I,31,4a5n18c,EUR,true
MU,Mauritius,MU35JYUB7310542114291274928BKQ,30,4a19n3a,MUR,false
MZ,Mozambique,MZ54438039539417414978801,25,21n,MZN,false
NI,Nicaragua,NI16PVOD48829460691201189340,28,4a20n,NIO,false
NL,Netherlands,NL75NHZA0878652586,18,4a10n,EUR,true
NO,Norway,NO2868430470614,15,11n,NOK,true
OM,Oman,OM48839KAP6L62WUSM6G5ST,23,3n16c,OMR,false
PK,Pakistan,PK84IVFNM507C2YXPM13D1KA,24,4a16c,PKR,false
PL,Poland,PL97747866100934395511772788,28,24n,PLN,true
PS,Palestine,PS04LVULMY42K8PNSNB7IYK7SPTWL,29,4a21c,ILS,false
PT,Portugal,PT84889626601197626346340,25,21n,EUR,true
QA,Qatar,QA98UUHAO8KZR0EFSNAEH49U5EXNG,29,4a21c,QAR,false
RO,Romania,RO52ZWLVYQBVJOLZND3GOA81,24,4a16c,RON,true
RS,Serbia,RS56446657241815864582,22,18n,RSD,false
RU,Russia,RU2957744721912633EO7DSASRZBD2882,33,14n15c,RUB,false
SA,Saudi Arabia,SA0467GIOI6RLCS0TLZS4O1X,24,2n18c,SAR,false
SC,Seychelles,SC21KUJW56162910252728934246ZOA,31,4a20n3a,SCR,false
SD,Sudan,SD2345064948612789,18,14n,SDG,false
SE,Sweden,SE7828306645557918771273,24,20n,SEK,true
SI,Slovenia,SI28258608249777435,19,15n,EUR,true
SK,Slovakia,SK1441710291161648831182,24,20n,EUR,true
SM,San Marino,SM51U1816190240FEFR47XDFXZP,27,1a10n12c,EUR,true
ST,Sao Tome and Principe,ST15359856537535708037014,25,21n,STN,false
SV,El Salvador,SV08KEMP20151375120651432136,28,4a20n,USD,false
TL,Timor-Leste,TL677316059632853772628,23,19n,USD,false
TN,Tunisia,TN0374055078196683921690,24,20n,TND,false
TR,Turkey,TR39807582SHKPH8YV7GS38U7C,26,5n17c,TRY,false
UA,Ukraine,UA76282603CUW4B8U68HQAL0H9RQ9,29,6n19c,UAH,false
VA,Vatican City,VA55800909737535459751,22,18n,EUR,true
VG,British Virgin Islands,VG18VVMX5017276147052945,24,4a16n,USD,false
XK,Kosovo,XK495925775787536120,20,16n,EUR,false
AD,Andorra,AD2799996338P3H7JOO735Z4,24,8n12c,EUR,true
AE,United Arab Emirates,AE443225289345086636568,23,3n16n,AED,false
AL,Albania,AL1941928882T9AIIS9WGWF1FDL5,28,8n16c,ALL,false
AT,Austria,AT337204528929101671,20,16n,EUR,true
AZ,Azerbaijan,AZ91IAMXU4PJBMGGRCSNSYKTABNX,28,4a20c,AZN,false
BA,Bosnia and Herzegovina,BA021018254389998016,20,16n,BAM,false
BE,Belgium,BE47201461421904,16,12n,EUR,true
BG,Bulgaria,BG07MBZL551074TRD3LZSL,22,4a6n8c,EUR,true
BH,Bahrain,BH87NVQDLHIHROKOG4MS6H,22,4a14c,BHD,false
BI,Burundi,BI9706005826193169429366536,27,5n5n11n2n,BIF,false
BR,Brazil,BR2187848516528674066171096Y2,29,23n1a1c,BRL,false
BY,Belarus,BY28R9CF9720481SPHX7921LVZH6,28,4c4n16c,BYN,false
CH,Switzerland,CH6441983WCOSAA4ISO9V,21,5n12c,CHF,true
CR,Costa Rica,CR32457970789222616999,22,18n,CRC,false
CY,Cyprus,CY9685874000NWLUJV1QL8B4X8S4,28,8n16c,EUR,true
CZ,Czechia,CZ7951553150800631528387,24,20n,CZK,true
DE,Germany,DE16631948474242446570,22,18n,EUR,true
DJ,Djibouti,DJ9526279374688796312262735,27,23n,DJF,false
DK,Denmark,DK6676777541487326,18,14n,DKK,true
DO,Dominican Republic,DO581GKU50719102120978922531,28,4c20n,DOP,false
EE,Estonia,EE379987805999908014,20,16n,EUR,true
EG,Egypt,EG103983171400552351746852068,29,25n,EGP,false
ES,Spain,ES5317980004600122195146,24,20n,EUR,true
FI,Finland,FI4005435894263626,18,14n,EUR,true
FK,Falkland Islands,FK55MC616465662048,18,2a12n,FKP,false
FO,Faroe Islands,FO7614360826391138,18,14n,DKK,false
FR,France,FR8004999922338UIUTCK812V89,27,10n11c2n,EUR,true
GB,United Kingdom,GB89KHXB17217802281398,22,4a14n,GBP,true
GE,Georgia,GE74ET5268872905666927,22,2a16n,GEL,false
GI,Gibraltar,GI46LMDJ37LEZB5K4D97S3J,23,4a15c,GIP,true
GL,Greenland,GL4630827600338519,18,14n,DKK,false
GR,Greece,GR912116994CVISH01TRQAHD6ME,27,7n16c,EUR,true
GT,Guatemala,GT081JPTQJ2RM7LTV3IB35FG4S0X,28,4c20c,GTQ,false
HR,Croatia,HR3027184908473535430,21,17n,EUR,true
HU,Hungary,HU31850088412214611553271906,28,24n,HUF,true
IE,Ireland,IE09QEPR12661562925400,22,4a14n,EUR,true
IL,Israel,IL730816323712551086320,23,19n,ILS,false
IQ,Iraq,IQ50XZTV410546269114707,23,4a15n,IQD,false
IS,Iceland,IS369440986632454921020731,26,22n,ISK,true
IT,Italy,IT50W6096510127YXFX3L077XNM,27,1a10n12c,EUR,true
JO,Jordan,JO10WXHU62177J4KEPJUXILW9ZRX8S,30,4a4n18c,JOD,false
KW,Kuwait,KW87YHGQQKD04XSW3TC7MAE6P2FWK2,30,4a22c,KWD,false
KZ,Kazakhstan,KZ05419O3RYQ3ZLN0FJP,20,3n13c,KZT,false
LB,Lebanon,LB0988014O6RFDSHPLSSH2A9T45A,28,4n20c,LBP,false
LC,Saint Lucia,LC58PUXB3NVKBXGNPKVQ2XWURNDKARAV,32,4a24c,XCD,false
LI,Liechtenstein,LI94389885U7TZCOFQRAX,21,5n12c,CHF,true
LT,Lithuania,LT707763724714376352,20,16n,EUR,true
LU,Luxembourg,LU32458CDB1ONA8CPXGK,20,3n13c,EUR,true
LV,Latvia,LV70XCRJY1EY86KBY8SQE,21,4a13c,EUR,true
LY,Libya,LY57273755675044324687179,25,21n,LYD,false
MC,Monaco,MC873722548756NMT0O2CM8AJ59,27,10n11c2n,EUR,true
MD,Moldova,MD185BBY6EVSE0HUHUQMVTVU,24,2c18c,MDL,false
ME,Montenegro,ME22422477205065024732,22,18n,EUR,false
MK,North Macedonia,MK70875GOQBV72ARA52,19,3n10c2n,MKD,false
MN,Mongolia,MN908286122649202671,20,4n12n,MNT,false
MR,Mauritania,MR2755060769304286122556855,27,23n,MRU,false
MT,Malta,MT11CNHR519150K07N5SN9FQS804OID,31,4a5n18c,EUR,true
MU,Mauritius,MU83YTPI7995493545007599740QFD,30,4a19n3a,MUR,false
MZ,Mozambique,MZ62566427086234159991964,25,21n,MZN,false
NI,Nicaragua,NI75OSTE52689269516091998838,28,4a20n,NIO,false
NL,Netherlands,NL84FPSV4536560811,18,4a10n,EUR,true
NO,Norway,NO0458769901740,15,11n,NOK,true
OM,Oman,OM36299X41HLJAD9CEM000B,23,3n16c,OMR,false
PK,Pakistan,PK15BCDWONVBJ4033GO4JMUQ,24,4a16c,PKR,false
PL,Poland,PL39144234015021239583225259,28,24n,PLN,true
PS,Palestine,PS42JPPEFGXS65ILC6PWHXJJIHCLT,29,4a21c,ILS,false
PT,Portugal,PT86351260731253955735682,25,21n,EUR,true
QA,Qatar,QA07RIVXXJPBI089RB9RVWNWO6N3M,29,4a21c,QAR,false
RO,Romania,RO22YPSULD54VYG9GKZ92CHO,24,4a16c,RON,true
RS,Serbia,RS39122539184488413948,22,18n,RSD,false
RU,Russia,RU2960301785572822UINZC3KWOOSSBVS,33,14n15c,RUB,false
SA,Saudi Arabia,SA4828IM59XEZZDON1DHNG8T,24,2n18c,SAR,false
SC,Seychelles,SC85TRGI05120422804814057554DNE,31,4a20n3a,SCR,false
SD,Sudan,SD2967506557372564,18,14n,SDG,false
SE,Sweden,SE9356786193658738546576,24,20n,SEK,true
SI,Slovenia,SI66100416421740848,19,15n,EUR,true
SK,Slovakia,SK8878182145309761911614,24,20n,EUR,true
SM,San Marino,SM86Y101244660099JNOAUZ7XOZ,27,1a10n12c,EUR,true
ST,Sao Tome and Principe,ST57396036917450495289202,25,21n,STN,false
SV,El Salvador,SV89ANCF91932182459487078877,28,4a20n,USD,false
TL,Timor-Leste,TL156957910928121701191,23,19n,USD,false
TN,Tunisia,TN1389277326501098507741,24,20n,TND,false
TR,Turkey,TR78497540ASOD9K8NT2R9XEQD,26,5n17c,TRY,false
UA,Ukraine,UA36352953HNC1DKH2GGACM5TLYL7,29,6n19c,UAH,false
VA,Vatican City,VA15786978286120244697,22,18n,EUR,true
VG,British Virgin Islands,VG58KOZF5960994525323409,24,4a16n,USD,false
XK,Kosovo,XK296211356135678384,20,16n,EUR,false
AD,Andorra,AD7613217253YQGEN85T1V3P,24,8n12c,EUR,true
AE,United Arab Emirates,AE158876150617659580754,23,3n16n,AED,false
AL,Albania,AL46301964676WXKYXMZ497KAAUV,28,8n16c,ALL,false
AT,Austria,AT237947523151002748,20,16n,EUR,true
AZ,Azerbaijan,AZ78XOARGRGWBJUAYFPYD9VATIM2,28,4a20c,AZN,false
BA,Bosnia and Herzegovina,BA753810907700470513,20,16n,BAM,false
BE,Belgium,BE36200612292735,16,12n,EUR,true
BG,Bulgaria,BG11FCUO911895VREPK1GU,22,4a6n8c,EUR,true
BH,Bahrain,BH32XALRGN1CHZGNSCR3N1,22,4a14c,BHD,false
BI,Burundi,BI1689159215760318131724175,27,5n5n11n2n,BIF,false
BR,Brazil,BR9711765790979109511069889Y8,29,23n1a1c,BRL,false
BY,Belarus,BY38GLEQ5301E82JS4XH2GI6XVD9,28,4c4n16c,BYN,false
CH,Switzerland,CH1924975K6UQ6M7CYOYL,21,5n12c,CHF,true
CR,Costa Rica,CR96087066693446498082,22,18n,CRC,false
CY,Cyprus,CY35970844614RIS6ZTQE8OLXN4Q,28,8n16c,EUR,true
CZ,Czechia,CZ5978512895814329931043,24,20n,CZK,true
DE,Germany,DE66581834379391287054,22,18n,EUR,true
DJ,Djibouti,DJ8984452257121773138567211,27,23n,DJF,false
DK,Denmark,DK5425819554215452,18,14n,DKK,true
DO,Dominican Republic,DO20RC9X41429816996195138216,28,4c20n,DOP,false
EE,Estonia,EE820778396883028147,20,16n,EUR,true
EG,Egypt,EG323695827449930784476384261,29,25n,EGP,false
ES,Spain,ES7706980012034367382328,24,20n,EUR,true
FI,Finland,FI2243503902641217,18,14n,EUR,true
FK,Falkland Islands,FK58ZH529274402517,18,2a12n,FKP,false
FO,Faroe Islands,FO6537934142551516,18,14n,DKK,false
FR,France,FR914290675982K0BNCJ3HL4946,27,10n11c2n,EUR,true
GB,United Kingdom,GB91MNGJ33479025068804,22,4a14n,GBP,true
GE,Georgia,GE95DH8368391379642460,22,2a16n,GEL,false
GI,Gibraltar,GI12WZKVR0SNXKYXE0M559P,23,4a15c,GIP,true
GL,Greenland,GL2297699860698332,18,14n,DKK,false
GR,Greece,GR5637090228O06JPBD6SASMNGJ,27,7n16c,EUR,true
GT,Guatemala,GT30ELLNX6PC10YU2OE5TUNB97DJ,28,4c20c,GTQ,false
HR,Croatia,HR3917997602930783842,21,17n,EUR,true
HU,Hungary,HU46390024488141011637110507,28,24n,HUF,true
IE,Ireland,IE31UMDY76834987353632,22,4a14n,EUR,true
IL,Israel,IL175744784529936764792,23,19n,ILS,false
IQ,Iraq,IQ13KPBW042784578552982,23,4a15n,IQD,false
IS,Iceland,IS830026201101939523863228,26,22n,ISK,true
IT,Italy,IT58G6888077854LDUUZRNU1VMH,27,1a10n12c,EUR,true
JO,Jordan,JO67AYBR9655JSUJVA3UYVKOQB775K,30,4a4n18c,JOD,false
KW,Kuwait,KW32JKSZMW7AM4BUQF6VTFT6L1AFVH,30,4a22c,KWD,false
KZ,Kazakhstan,KZ808923VEWWRSHNRD03,20,3n13c,KZT,false
LB,Lebanon,LB500846CCEHFWMFRHOHS06HCXJL,28,4n20c,LBP,false
LC,Saint Lucia,LC52QLPZZ3WWD9Y5BO46CGWS29Y5WLVP,32,4a24c,XCD,false
LI,Liechtenstein,LI027717266K7HGKC1NPI,21,5n12c,CHF,true
LT,Lithuania,LT821104048228237203,20,16n,EUR,true
LU,Luxembourg,LU163943JRCCV0ULV12O,20,3n13c,EUR,true
LV,Latvia,LV30QDWPKVQF16KYR56L2,21,4a13c,EUR,true
LY,Libya,LY08975471155086130870224,25,21n,LYD,false
MC,Monaco,MC313771942796454SXUYKRKN57,27,10n11c2n,EUR,true
MD,Moldova,MD3620V6I2UQ0O4RUZZ22AV7,24,2c18c,MDL,false
ME,Montenegro,ME16204453856554722581,22,18n,EUR,false
MK,North Macedonia,MK56944TQ2NDRV5VL42,19,3n10c2n,MKD,false
MN,Mongolia,MN599819633448429688,20,4n12n,MNT,false
MR,Mauritania,MR7458429736214563231075386,27,23n,MRU,false
MT,Malta,MT74NQSN11853OODLU3N30XGC8FXSTM,31,4a5n18c,EUR,true
MU,Mauritius,MU29WCAI9777500251937348843GMS,30,4a19n3a,MUR,false
MZ,Mozambique,MZ16666994670613429376180,25,21n,MZN,false
NI,Nicaragua,NI15MCOH72843824473085886031,28,4a20n,NIO,false
NL,Netherlands,NL69QCSL5928825761,18,4a10n,EUR,true
NO,Norway,NO5645520379998,15,11n,NOK,true
OM,Oman,OM07814BO0XEXIV75J74HHG,23,3n16c,OMR,false
PK,Pakistan,PK54JFZKBNLVNXW45M1YDDOQ,24,4a16c,PKR,false
PL,Poland,PL05306435854654346312341186,28,24n,PLN,true
PS,Palestine,PS47NOTMTS84QI9WI6452R5VCU9O6,29,4a21c,ILS,false
PT,Portugal,PT77510657555857907606185,25,21n,EUR,true
QA,Qatar,QA28FUGGXD9ES8KB04XYF2JAEQXZS,29,4a21c,QAR,false
RO,Romania,RO72WXHD1T0MVERIHW6N1J38,24,4a16c,RON,true
RS,Serbia,RS25350735961756623453,22,18n,RSD,false
RU,Russia,RU3579465753194514HR6GN8VBJ127C1N,33,14n15c,RUB,false
SA,Saudi Arabia,SA566429XMX5GD4Z8XWKNEPJ,24,2n18c,SAR,false
SC,Seychelles,SC07QOHW83648491532341880056QRS,31,4a20n3a,SCR,false
SD,Sudan,SD6478498418140378,18,14n,SDG,false
SE,Sweden,SE0818487654032597205659,24,20n,SEK,true
SI,Slovenia,SI35461955948303577,19,15n,EUR,true
SK,Slovakia,SK7855954336181777344142,24,20n,EUR,true
SM,San Marino,SM32F53108455763PDZVIFPXW8J,27,1a10n12c,EUR,true
ST,Sao Tome and Principe,ST41142946419147333479405,25,21n,STN,false
SV,El Salvador,SV09TOFX12475025486561295579,28,4a20n,USD,false
TL,Timor-Leste,TL408109307785243817195,23,19n,USD,false
TN,Tunisia,TN5426050629707146876802,24,20n,TND,false
TR,Turkey,TR1619930GZK82VZKDQ5L5XBBC,26,5n17c,TRY,false
UA,Ukraine,UA34134829I6JH3NTSFTGMVOLL1B9,29,6n19c,UAH,false
VA,Vatican City,VA97919232199338767375,22,18n,EUR,true
VG,British Virgin Islands,VG89YTUB9310838071052514,24,4a16n,USD,false
XK,Kosovo,XK547043378642196843,20,16n,EUR,false
AD,Andorra,AD0215497254TA5GUD9QE853,24,8n12c,EUR,true
AE,United Arab Emirates,AE951268463605606589024,23,3n16n,AED,false
AL,Albania,AL8494954654XX7T2D8M8YF8HX4O,28,8n16c,ALL,false
AT,Austria,AT604923807073849952,20,16n,EUR,true
AZ,Azerbaijan,AZ22GTESLMQF3RNCD1N4MWRU8C8Z,28,4a20c,AZN,false
BA,Bosnia and Herzegovina,BA456025635952430550,20,16n,BAM,false
BE,Belgium,BE27170221371889,16,12n,EUR,true
BG,Bulgaria,BG87UJBS1214598QRE6BBX,22,4a6n8c,EUR,true
BH,Bahrain,BH21QMMOKSAMDAP347HTJ6,22,4a14c,BHD,false
BI,Burundi,BI5920275731928091832437184,27,5n5n11n2n,BIF,false
BR,Brazil,BR8984167939330970828938388PR,29,23n1a1c,BRL,false
BY,Belarus,BY53URAU1903MLRFXZVCO1RRABU1,28,4c4n16c,BYN,false
CH,Switzerland,CH1432927ZC4FCTAV985G,21,5n12c,CHF,true
CR,Costa Rica,CR84499058697388520679,22,18n,CRC,false
CY,Cyprus,CY8791162850ATUBK4SR0LB29WXS,28,8n16c,EUR,true
CZ,Czechia,CZ5492932411206145742189,24,20n,CZK,true
DE,Germany,DE30953331741563263058,22,18n,EUR,true
DJ,Djibouti,DJ3430875358169903646472822,27,23n,DJF,false
DK,Denmark,DK5597053799121750,18,14n,DKK,true
DO,Dominican Republic,DO32A9EQ38727589342256363444,28,4c20n,DOP,false
EE,Estonia,EE242191306987993007,20,16n,EUR,true
EG,Egypt,EG464219387991971058332050153,29,25n,EGP,false
ES,Spain,ES2702004611771693947634,24,20n,EUR,true
FI,Finland,FI1488689944065852,18,14n,EUR,true
FK,Falkland Islands,FK88RS846009422866,18,2a12n,FKP,false
FO,Faroe Islands,FO8564639352858164,18,14n,DKK,false
FR,France,FR4295125546641TNZR3XU3WY47,27,10n11c2n,EUR,true
GB,United Kingdom,GB66MQFZ36723034947838,22,4a14n,GBP,true
GE,Georgia,GE19FV8139320936983726,22,2a16n,GEL,false
GI,Gibraltar,GI22LCNMGSUL16BV1CM890I,23,4a15c,GIP,true
GL,Greenland,GL8140326127922228,18,14n,DKK,false
GR,Greece,GR281480071TV7LC0JRLNVKSDRV,27,7n16c,EUR,true
GT,Guatemala,GT50O6BDQOUSKC10ZZ1N9WDMSIRL,28,4c20c,GTQ,false
HR,Croatia,HR1654863587257115974,21,17n,EUR,true
HU,Hungary,HU66912322606075592089732333,28,24n,HUF,true
IE,Ireland,IE14HUIN99755472266390,22,4a14n,EUR,true
IL,Israel,IL799787488330607348253,23,19n,ILS,false
IQ,Iraq,IQ28SMFC261849062597331,23,4a15n,IQD,false
IS,Iceland,IS545800566084965327141011,26,22n,ISK,true
IT,Italy,IT24Y89242827218DYYUKZOAC42,27,1a10n12c,EUR,true
JO,Jordan,JO87GVLB2240DN1IMB990E2A2N8ZX4,30,4a4n18c,JOD,false
KW,Kuwait,KW46DWFMD4WYLXVDSTRZH0RYT8UAST,30,4a22c,KWD,false
KZ,Kazakhstan,KZ107012KX8F3VN8QASE,20,3n13c,KZT,false
LB,Lebanon,LB825583Z7HTR1HNPEE5V2N79EUU,28,4n20c,LBP,false
LC,Saint Lucia,LC22HTBWECKJCJYEABGG3CU0K97ONSZW,32,4a24c,XCD,false
LI,Liechtenstein,LI85126346Z4UO4BIOR2W,21,5n12c,CHF,true
LT,Lithuania,LT395980244421942117,20,16n,EUR,true
LU,Luxembourg,LU20480HEAPGZPBCDUOC,20,3n13c,EUR,true
LV,Latvia,LV41SZZGPIZKW5YO6I8OG,21,4a13c,EUR,true
LY,Libya,LY10731283043955699181958,25,21n,LYD,false
MC,Monaco,MC858505663797BRZYZZB8T1S94,27,10n11c2n,EUR,true
MD,Moldova,MD84GRT4JR3UXTTV3EVWSC3W,24,2c18c,MDL,false
ME,Montenegro,ME16254222270021954667,22,18n,EUR,false
MK,North Macedonia,MK13878IUPFPNPIV700,19,3n10c2n,MKD,false
MN,Mongolia,MN987267705829668787,20,4n12n,MNT,false
MR,Mauritania,MR5938296466654843625979617,27,23n,MRU,false
MT,Malta,MT04HITO59514D8OPPOGCYUIK1RZOBD,31,4a5n18c,EUR,true
MU,Mauritius,MU87BIKJ8334956504424348898NYZ,30,4a19n3a,MUR,false
MZ,Mozambique,MZ67404138984643378063633,25,21n,MZN,false
NI,Nicaragua,NI74FRWR68884119721284424586,28,4a20n,NIO,false
NL,Netherlands,NL25CCQI2736635753,18,4a10n,EUR,true
NO,Norway,NO9159244177212,15,11n,NOK,true
OM,Oman,OM24301MM0WVIB78H79MNCK,23,3n16c,OMR,false
PK,Pakistan,PK02SWFSIXU8L0OTLVZSB5H9,24,4a16c,PKR,false
PL,Poland,PL86670856091152616839383935,28,24n,PLN,true
PS,Palestine,PS05BPSQ3QDB7AC63QWZHSLWTTTYE,29,4a21c,ILS,false
PT,Portugal,PT03073739716812295917049,25,21n,EUR,true
QA,Qatar,QA22BLWDM5G59WNYUH6HEW7EPU6I9,29,4a21c,QAR,false
RO,Romania,RO26ZSXCVR49VIZXP889CE2U,24,4a16c,RON,true
RS,Serbia,RS15505275390130406799,22,18n,RSD,false
RU,Russia,RU1950185650216794SK2CK913D84PUMU,33,14n15c,RUB,false
SA,Saudi Arabia,SA0735OSNWBC4M24A1CKRLPJ,24,2n18c,SAR,false
SC,Seychelles,SC02IUYT67940558017064697471KII,31,4a20n3a,SCR,false
SD,Sudan,SD6519779069231352,18,14n,SDG,false
SE,Sweden,SE6828686727645612742622,24,20n,SEK,true
SI,Slovenia,SI57106430738651650,19,15n,EUR,true
SK,Slovakia,SK6819559362995838353787,24,20n,EUR,true
SM,San Marino,SM03C621744367439GIM5HMCK5C,27,1a10n12c,EUR,true
ST,Sao Tome and Principe,ST30482431162630838457542,25,21n,STN,false
SV,El Salvador,SV80NBVZ70379174333345534823,28,4a20n,USD,false
TL,Timor-Leste,TL043523607450234030864,23,19n,USD,false
TN,Tunisia,TN0689726236616741572353,24,20n,TND,false
TR,Turkey,TR5795072FOKYPN9A1OOOP4USK,26,5n17c,TRY,false
UA,Ukraine,UA692359525Q3XNHBXHMNAXU7KJ9E,29,6n19c,UAH,false
VA,Vatican City,VA64323002612481563152,22,18n,EUR,true
VG,British Virgin Islands,VG41PKJE4165112990476977,24,4a16n,USD,false
XK,Kosovo,XK829311638136424933,20,16n,EUR,false
AD,Andorra,AD0783414520TOS494RUVUD1,24,8n12c,EUR,true
AE,United Arab Emirates,AE825272673113002217535,23,3n16n,AED,false
AL,Albania,AL95372613396U46IW54RMN50J9S,28,8n16c,ALL,false
AT,Austria,AT698486880458824827,20,16n,EUR,true
AZ,Azerbaijan,AZ66RXYVN0PE4R4PO0HCVWKHJ6I0,28,4a20c,AZN,false
BA,Bosnia and Herzegovina,BA246984222786711805,20,16n,BAM,false
BE,Belgium,BE86802000269267,16,12n,EUR,true
BG,Bulgaria,BG84IETP581054CNKSSBAZ,22,4a6n8c,EUR,true
BH,Bahrain,BH34KMOLXHHZ097RY8VO8W,22,4a14c,BHD,false
BI,Burundi,BI8037377152183454467968120,27,5n5n11n2n,BIF,false
BR,Brazil,BR3459349683105493979026667B4,29,23n1a1c,BRL,false
BY,Belarus,BY71N2G39427FTVAKBSYOOFJTGLA,28,4c4n16c,BYN,false
CH,Switzerland,CH06084446BIH09H89REA,21,5n12c,CHF,true
CR,Costa Rica,CR48028186838069039324,22,18n,CRC,false
CY,Cyprus,CY1655350910L5H8TLOG5G9849Q1,28,8n16c,EUR,true
CZ,Czechia,CZ4094926534603932114786,24,20n,CZK,true
DE,Germany,DE48603389136917483700,22,18n,EUR,true
DJ,Djibouti,DJ3177314241991647366512477,27,23n,DJF,false
DK,Denmark,DK2862287326292246,18,14n,DKK,true
DO,Dominican Republic,DO78BJ4T13942637520032706674,28,4c20n,DOP,false
EE,Estonia,EE104063857354618462,20,16n,EUR,true
EG,Egypt,EG158608970756161254138839351,29,25n,EGP,false
ES,Spain,ES6004200752330153629893,24,20n,EUR,true
FI,Finland,FI6719916705844926,18,14n,EUR,true
FK,Falkland Islands,FK60JW746791323624,18,2a12n,FKP,false
FO,Faroe Islands,FO3300110030176612,18,14n,DKK,false
FR,France,FR453520304436L8H9F4BBG1353,27,10n11c2n,EUR,true
GB,United Kingdom,GB14UWWA09169273745835,22,4a14n,GBP,true
GE,Georgia,GE54AR2452919257521728,22,2a16n,GEL,false
GI,Gibraltar,GI54XMURQ4NCTGV25DCOGFN,23,4a15c,GIP,true
GL,Greenland,GL9802788608671154,18,14n,DKK,false
GR,Greece,GR550107246TDMZUQ85T26YDU6B,27,7n16c,EUR,true
GT,Guatemala,GT39O350PBP4OER3AKFC33DTXUBW,28,4c20c,GTQ,false
HR,Croatia,HR8568284249392628042,21,17n,EUR,true
HU,Hungary,HU70593800422163441101196213,28,24n,HUF,true
IE,Ireland,IE34DTDS15766133835924,22,4a14n,EUR,true
IL,Israel,IL922826105606607458503,23,19n,ILS,false
IQ,Iraq,IQ12UOWZ227421431925683,23,4a15n,IQD,false
IS,Iceland,IS963170128673917955525607,26,22n,ISK,true
IT,Italy,IT13G077814691167J4GKC4NET0,27,1a10n12c,EUR,true
JO,Jordan,JO19OKGP7163YMENNJ5UVRLNKITWUJ,30,4a4n18c,JOD,false
KW,Kuwait,KW72IIKLB7KMK7NHIZYOI51V47ER4U,30,4a22c,KWD,false
KZ,Kazakhstan,KZ783459UD6UFQCJ1GSH,20,3n13c,KZT,false
LB,Lebanon,LB937127GZMZMTXEE5AV6GCY2ZXH,28,4n20c,LBP,false
LC,Saint Lucia,LC37DJLENVVQSBH0VCIDBEXSDZP8S4VX,32,4a24c,XCD,false
LI,Liechtenstein,LI3348931VXMGV4FQTODH,21,5n12c,CHF,true
LT,Lithuania,LT369773440006286806,20,16n,EUR,true
LU,Luxembourg,LU716836GZOJKNWD7V1C,20,3n13c,EUR,true
LV,Latvia,LV05MFPYX4MIBIYWICHNH,21,4a13c,EUR,true
LY,Libya,LY53724606626732621581303,25,21n,LYD,false
MC,Monaco,MC4347547441558UUP67116PU60,27,10n11c2n,EUR,true
MD,Moldova,MD21TG5Q8HIKACLBN0XKLIKE,24,2c18c,MDL,false
ME,Montenegro,ME61538921942213205400,22,18n,EUR,false
MK,North Macedonia,MK66549PDJWBUKPA110,19,3n10c2n,MKD,false
MN,Mongolia,MN201508915980538845,20,4n12n,MNT,false
MR,Mauritania,MR7308277341062742884379969,27,23n,MRU,false
MT,Malta,MT96NCGE30708XQSOMVTKDVYHH5OBUR,31,4a5n18c,EUR,true
MU,Mauritius,MU80YGYU9695379071451407353ACJ,30,4a19n3a,MUR,false
MZ,Mozambique,MZ36746059035734222297627,25,21n,MZN,false
NI,Nicaragua,NI86NAZX42643266348817447317,28,4a20n,NIO,false
NL,Netherlands,NL52LPVP9338846762,18,4a10n,EUR,true
NO,Norway,NO3343921689074,15,11n,NOK,true
OM,Oman,OM06734D9RL0PM7UTZBN72E,23,3n16c,OMR,false
PK,Pakistan,PK50DYBI5398Y781EN04M0M4,24,4a16c,PKR,false
PL,Poland,PL73325874421648531322622092,28,24n,PLN,true
PS,Palestine,PS95MKCDR1ONCFSOGX79P4OE7SN0X,29,4a21c,ILS,false
PT,Portugal,PT97733567928337518520215,25,21n,EUR,true
QA,Qatar,QA67PJUZNDW290KZWNFX4XHDVP2P2,29,4a21c,QAR,false
RO,Romania,RO46FMSBPIDZP6O4V1A1MBN3,24,4a16c,RON,true
RS,Serbia,RS22476547531890479159,22,18n,RSD,false
RU,Russia,RU41094943383395397GSZ4FLIQKGXM87,33,14n15c,RUB,false
SA,Saudi Arabia,SA5806CVC34RNF4VCA6Q0GSV,24,2n18c,SAR,false
SC,Seychelles,SC79ZHYG17998581547581639784ZIP,31,4a20n3a,SCR,false
SD,Sudan,SD7442293703358747,18,14n,SDG,false
SE,Sweden,SE3177987171357821922619,24,20n,SEK,true
SI,Slovenia,SI19056089029107548,19,15n,EUR,true
SK,Slovakia,SK0258315482694807469114,24,20n,EUR,true
SM,San Marino,SM03H8708171602BSNFTZ4DJRKK,27,1a10n12c,EUR,true
ST,Sao Tome and Principe,ST64563532732392075304234,25,21n,STN,false
SV,El Salvador,SV34GZTH23445318300838530351,28,4a20n,USD,false
TL,Timor-Leste,TL375747006644651899387,23,19n,USD,false
TN,Tunisia,TN8248027922902016305384,24,20n,TND,false
TR,Turkey,TR2015655TCVV3E0LMXRDYZF7R,26,5n17c,TRY,false
UA,Ukraine,UA23167418ND1OYDK5J2ZUCD3Z6YZ,29,6n19c,UAH,false
VA,Vatican City,VA29421433871239097595,22,18n,EUR,true
VG,British Virgin Islands,VG90JOJM6130028953322377,24,4a16n,USD,false
XK,Kosovo,XK188326826792565109,20,16n,EUR,false
AD,Andorra,AD2639017275EKOEK6GW6LA4,24,8n12c,EUR,true
AE,United Arab Emirates,AE466518213457371418467,23,3n16n,AED,false
AL,Albania,AL4878070802T62W9COH4QTG8173,28,8n16c,ALL,false
AT,Austria,AT082776183033057579,20,16n,EUR,true
AZ,Azerbaijan,AZ98TMKCVBUKWPAXWVL7NBK17BF5,28,4a20c,AZN,false
BA,Bosnia and Herzegovina,BA053970207546004791,20,16n,BAM,false
BE,Belgium,BE89506714729673,16,12n,EUR,true
BG,Bulgaria,BG31DTEB3607374LQVWJ4H,22,4a6n8c,EUR,true
BH,Bahrain,BH46FUCC6YCER56F0YHY3A,22,4a14c,BHD,false
BI,Burundi,BI5553352803055862394061407,27,5n5n11n2n,BIF,false
BR,Brazil,BR8160836400380635621595406M7,29,23n1a1c,BRL,false
BY,Belarus,BY37H8N93423A49RKETFKGVCVQ8J,28,4c4n16c,BYN,false
CH,Switzerland,CH8111870AIJQPDNS7JHH,21,5n12c,CHF,true
CR,Costa Rica,CR33116482427964401359,22,18n,CRC,false
CY,Cyprus,CY8668790677AG6Z1LG6Y1DB8XXE,28,8n16c,EUR,true
CZ,Czechia,CZ3571168599077692094838,24,20n,CZK,true
DE,Germany,DE11354865452552589901,22,18n,EUR,true
DJ,Djibouti,DJ9802687878048816302384816,27,23n,DJF,false
DK,Denmark,DK7454913109796701,18,14n,DKK,true
DO,Dominican Republic,DO18LV1H10738294717686610818,28,4c20n,DOP,false
EE,Estonia,EE063693198386874110,20,16n,EUR,true
EG,Egypt,EG349637805840584883945110855,29,25n,EGP,false
ES,Spain,ES6546232844584854507975,24,20n,EUR,true
FI,Finland,FI5114030091655874,18,14n,EUR,true
FK,Falkland Islands,FK48FP904682907368,18,2a12n,FKP,false
FO,Faroe Islands,FO1551195787568157,18,14n,DKK,false
FR,France,FR846452312335Z9KEYS9LZLR30,27,10n11c2n,EUR,true
GB,United Kingdom,GB48IMRF78500312272079,22,4a14n,GBP,true
GE,Georgia,GE77GF9852572190652168,22,2a16n,GEL,false
GI,Gibraltar,GI24QPOU38G7UJ7KL28AT9M,23,4a15c,GIP,true
GL,Greenland,GL8248922848675566,18,14n,DKK,false
GR,Greece,GR584418408ISVQ7L9JTH8ORFJI,27,7n16c,EUR,true
GT,Guatemala,GT74P9DFOZPUOBMH4C57GO2Y6N24,28,4c20c,GTQ,false
HR,Croatia,HR8567967623961990621,21,17n,EUR,true
HU,Hungary,HU38724087218412598180670885,28,24n,HUF,true
IE,Ireland,IE26CDXG69797315907736,22,4a14n,EUR,true
IL,Israel,IL671374340234960079451,23,19n,ILS,false
IQ,Iraq,IQ33PESG753011604841612,23,4a15n,IQD,false
IS,Iceland,IS543587758552869724840994,26,22n,ISK,true
IT,Italy,IT32H6953744919XUS89VQSFLSQ,27,1a10n12c,EUR,true
JO,Jordan,JO18UFBR2148WX70SG8QPG1QLZ42XX,30,4a4n18c,JOD,false
KW,Kuwait,KW11NLZPM9JR1UHREO2S7FMG9ALSWI,30,4a22c,KWD,false
KZ,Kazakhstan,KZ80596V0E0VMCI1HT1A,20,3n13c,KZT,false
LB,Lebanon,LB633496SWO89M49TB3SINLVW0J7,28,4n20c,LBP,false
LC,Saint Lucia,LC04PBVHHWPOYT2WIE6QQ8D9Z5MXRJ3N,32,4a24c,XCD,false
LI,Liechtenstein,LI8612113SQS6ZJ571XXE,21,5n12c,CHF,true
LT,Lithuania,LT833212848487824413,20,16n,EUR,true
LU,Luxembourg,LU36279ZZPJW2MUC3MMG,20,3n13c,EUR,true
LV,Latvia,LV86RFKGVS3M4C93KR7UJ,21,4a13c,EUR,true
LY,Libya,LY97548560026586778501803,25,21n,LYD,false
MC,Monaco,MC115859162977UDVGM2GKMA355,27,10n11c2n,EUR,true
MD,Moldova,MD633SNTO30C7SBXR9V5WZR1,24,2c18c,MDL,false
ME,Montenegro,ME18427086193071124400,22,18n,EUR,false
MK,North Macedonia,MK300516SDDO9EXNH95,19,3n10c2n,MKD,false
MN,Mongolia,MN513527349563200993,20,4n12n,MNT,false
MR,Mauritania,MR4572730542474852220935348,27,23n,MRU,false
MT,Malta,MT80YAAR234683I4W5XWA73Y7L7PXK3,31,4a5n18c,EUR,true
MU,Mauritius,MU46WWIS8669960132394158668HQI,30,4a19n3a,MUR,false
MZ,Mozambique,MZ71447727091731865911264,25,21n,MZN,false
NI,Nicaragua,NI02LQIY79975744987189026720,28,4a20n,NIO,false
NL,Netherlands,NL81SOSY0249983786,18,4a10n,EUR,true
NO,Norway,NO3553825499424,15,11n,NOK,true
OM,Oman,OM92623OEJWL2IY10TNJ29U,23,3n16c,OMR,false
PK,Pakistan,PK06HALTPBUERGF4SCY17DNK,24,4a16c,PKR,false
PL,Poland,PL16686179360481073825085426,28,24n,PLN,true
PS,Palestine,PS96JXEH2VSGV8KGPUE5VVKFSK76J,29,4a21c,ILS,false
PT,Portugal,PT49966019635085837733510,25,21n,EUR,true
QA,Qatar,QA84ZFHNE8SQ3OSO2DBO3KX8IKLFJ,29,4a21c,QAR,false
RO,Romania,RO38RYQI1C0KXBHOOZ50PD4V,24,4a16c,RON,true
RS,Serbia,RS08839235346874852640,22,18n,RSD,false
RU,Russia,RU7652657842029439OP30T1V1VJ1FZZQ,33,14n15c,RUB,false
SA,Saudi Arabia,SA4862O0PO7CFBZKUXAPMA1R,24,2n18c,SAR,false
SC,Seychelles,SC35ZABD26304541878880448587KWP,31,4a20n3a,SCR,false
SD,Sudan,SD9806383870948708,18,14n,SDG,false
SE,Sweden,SE6680451429373715629419,24,20n,SEK,true
SI,Slovenia,SI73578594096501974,19,15n,EUR,true
SK,Slovakia,SK1949041977905388636898,24,20n,EUR,true
SM,San Marino,SM10I1107323191AXDZAYRK5E0Y,27,1a10n12c,EUR,true
ST,Sao Tome and Principe,ST60113476177108310489390,25,21n,STN,false
SV,El Salvador,SV06DQJM71888265643217656482,28,4a20n,USD,false
TL,Timor-Leste,TL785329239449364185704,23,19n,USD,false
TN,Tunisia,TN6820366669869773232468,24,20n,TND,false
TR,Turkey,TR3236113MDX36EA0KTLIF9MG7,26,5n17c,TRY,false
UA,Ukraine,UA906397995VTXMCRN44XWL1BCXGV,29,6n19c,UAH,false
VA,Vatican City,VA88029981297023607112,22,18n,EUR,true
VG,British Virgin Islands,VG39BZCI3837810410124810,24,4a16n,USD,false
XK,Kosovo,XK054506032256057119,20,16n,EUR,false
AD,Andorra,AD0863121793M5DVN5GEUGIK,24,8n12c,EUR,true
AE,United Arab Emirates,AE635932021845817431419,23,3n16n,AED,false
AL,Albania,AL3005844721QL91XQDJDZI4MNIZ,28,8n16c,ALL,false
AT,Austria,AT034822806616356401,20,16n,EUR,true
AZ,Azerbaijan,AZ11BCCVEWJQ25B2DLF2DYXZKYJQ,28,4a20c,AZN,false
BA,Bosnia and Herzegovina,BA424027422115290588,20,16n,BAM,false
BE,Belgium,BE58415944518662,16,12n,EUR,true
BG,Bulgaria,BG21HOCV008696LWAPEJRB,22,4a6n8c,EUR,true
BH,Bahrain,BH40AUIKPHYQKB18H4QGOV,22,4a14c,BHD,false
BI,Burundi,BI9195503327884701451068271,27,5n5n11n2n,BIF,false
BR,Brazil,BR6950094454066448890061841Q7,29,23n1a1c,BRL,false
BY,Belarus,BY66W8HD7901FV8O19KOC2WTGL0P,28,4c4n16c,BYN,false
CH,Switzerland,CH6628974D9S16X9VLQOK,21,5n12c,CHF,true
CR,Costa Rica,CR33376523972615501595,22,18n,CRC,false
CY,Cyprus,CY35544749799CV9SOJA5N9GB21N,28,8n16c,EUR,true
CZ,Czechia,CZ5401765340348160971751,24,20n,CZK,true
DE,Germany,DE57931972360089284424,22,18n,EUR,true
DJ,Djibouti,DJ8517325665459565096356778,27,23n,DJF,false
DK,Denmark,DK1841234892574294,18,14n,DKK,true
DO,Dominican Republic,DO43TX9F37117742616108389025,28,4c20n,DOP,false
EE,Estonia,EE583092976322217639,20,16n,EUR,true
EG,Egypt,EG649895319938123104723316855,29,25n,EGP,false
ES,Spain,ES2249672996958501907704,24,20n,EUR,true
FI,Finland,FI9584535174726164,18,14n,EUR,true
FK,Falkland Islands,FK10YV886061074501,18,2a12n,FKP,false
FO,Faroe Islands,FO6715689634145173,18,14n,DKK,false
FR,France,FR564685424650NWMUX3WJI9H56,27,10n11c2n,EUR,true
GB,United Kingdom,GB02BAUR91716654086686,22,4a14n,GBP,true
GE,Georgia,GE71GW5092487408001489,22,2a16n,GEL,false
GI,Gibraltar,GI04SVRN81CP3M0M0DNONDX,23,4a15c,GIP,true
GL,Greenland,GL2134672607095530,18,14n,DKK,false
GR,Greece,GR086401375FWLHS5EYRLSP7BDG,27,7n16c,EUR,true
GT,Guatemala,GT041RSGFEKKOL1Z85IN5LJ21WI2,28,4c20c,GTQ,false
HR,Croatia,HR2719852845008349137,21,17n,EUR,true
HU,Hungary,HU74514621827072660307020929,28,24n,HUF,true
IE,Ireland,IE97ZILP46727771550984,22,4a14n,EUR,true
IL,Israel,IL619020987884763414925,23,19n,ILS,false
IQ,Iraq,IQ19GRAN626239374947480,23,4a15n,IQD,false
IS,Iceland,IS370412212827633400106583,26,22n,ISK,true
IT,Italy,IT24L48254731280H4OK9VXL5NM,27,1a10n12c,EUR,true
JO,Jordan,JO77GLMO4552FIP68SCHR0Y55EWCBG,30,4a4n18c,JOD,false
KW,Kuwait,KW95LCALEN21YU1TJF5Z598B5QO7EU,30,4a22c,KWD,false
KZ,Kazakhstan,KZ405297VVRTFFMC05M5,20,3n13c,KZT,false
LB,Lebanon,LB304739YSFWQFO6LHWS7E2TQOP9,28,4n20c,LBP,false
LC,Saint Lucia,LC04VZBWXRK77N1USJQ5M333BZSM9RH6,32,4a24c,XCD,false
LI,Liechtenstein,LI1830203FKOX1UY54NF2,21,5n12c,CHF,true
LT,Lithuania,LT705568655814510580,20,16n,EUR,true
LU,Luxembourg,LU05626KU76D5K0LUYQN,20,3n13c,EUR,true
LV,Latvia,LV67IHDDH4RHO9QJP3OI0,21,4a13c,EUR,true
LY,Libya,LY08585614828844972595765,25,21n,LYD,false
MC,Monaco,MC1368945289474OPKRCJTCUH54,27,10n11c2n,EUR,true
MD,Moldova,MD31KU3JKZ62ZQK50YGFBH76,24,2c18c,MDL,false
ME,Montenegro,ME83409316925478942291,22,18n,EUR,false
MK,North Macedonia,MK54118ONPGVV1AK588,19,3n10c2n,MKD,false
MN,Mongolia,MN855640751472485391,20,4n12n,MNT,false
MR,Mauritania,MR1566963635887757718958006,27,23n,MRU,false
MT,Malta,MT46NIZV64954XV0SGYWWSVNLFACH7T,31,4a5n18c,EUR,true
MU,Mauritius,MU34GBAM6315402766416916559NQJ,30,4a19n3a,MUR,false
MZ,Mozambique,MZ24921112809713332361147,25,21n,MZN,false
NI,Nicaragua,NI71JEOZ08066413046146845214,28,4a20n,NIO,false
NL,Netherlands,NL77OSIO0466408956,18,4a10n,EUR,true
NO,Norway,NO4499062596384,15,11n,NOK,true
OM,Oman,OM83928WU5XEOD25LWI78NY,23,3n16c,OMR,false
PK,Pakistan,PK27YRBZ0DUT6HSYB4VCZEQA,24,4a16c,PKR,false
PL,Poland,PL24838310201083900597022949,28,24n,PLN,true
PS,Palestine,PS62GAYKVQ87RIOV8X0U4G8ZQ8FS0,29,4a21c,ILS,false
PT,Portugal,PT19936170365861189287367,25,21n,EUR,true
QA,Qatar,QA68UNJWMI91XEXN529XCO4PGEAN4,29,4a21c,QAR,false
RO,Romania,RO69NPJIKU484AOPBHMFTN91,24,4a16c,RON,true
RS,Serbia,RS62599480030240672246,22,18n,RSD,false
RU,Russia,RU9654322511869299S0M3L9NHA9NL4ZM,33,14n15c,RUB,false
SA,Saudi Arabia,SA8838OSD60RFA5722VPCYZ4,24,2n18c,SAR,false
SC,Seychelles,SC77XJME72121186791486180811SHA,31,4a20n3a,SCR,false
SD,Sudan,SD5291337516753581,18,14n,SDG,false
SE,Sweden,SE5260494693646676799080,24,20n,SEK,true
SI,Slovenia,SI15988157565111069,19,15n,EUR,true
SK,Slovakia,SK6311681212009134914792,24,20n,EUR,true
SM,San Marino,SM93J1793935942PWHWOIMKAO0I,27,1a10n12c,EUR,true
ST,Sao Tome and Principe,ST05865044330172339072704,25,21n,STN,false
SV,El Salvador,SV71FFIQ47035822999264465859,28,4a20n,USD,false
TL,Timor-Leste,TL250154544573760547485,23,19n,USD,false
TN,Tunisia,TN5486970542753094120235,24,20n,TND,false
TR,Turkey,TR7220225AYHFI6WIO2L8T40KF,26,5n17c,TRY,false
UA,Ukraine,UA43098785DE02JDGSVO8DB8VVQZF,29,6n19c,UAH,false
VA,Vatican City,VA25689503499213495873,22,18n,EUR,true
VG,British Virgin Islands,VG33LDLF7721117089345480,24,4a16n,USD,false
XK,Kosovo,XK357025333752121858,20,16n,EUR,false
AD,Andorra,AD2061019488APN6W862GMU1,24,8n12c,EUR,true
AE,United Arab Emirates,AE783817599549490069438,23,3n16n,AED,false
AL,Albania,AL6560731992DWHCIJGWG1EP2J7F,28,8n16c,ALL,false
AT,Austria,AT485360479224024764,20,16n,EUR,true
AZ,Azerbaijan,AZ34JOCLZ0V1GDTLN4WPJ1P8T4NJ,28,4a20c,AZN,false
BA,Bosnia and Herzegovina,BA594539130141563744,20,16n,BAM,false
BE,Belgium,BE57164402247647,16,12n,EUR,true
BG,Bulgaria,BG64ADXQ3907529KA8BS27,22,4a6n8c,EUR,true
BH,Bahrain,BH30SSQGENTUMG2FJ72O5C,22,4a14c,BHD,false
BI,Burundi,BI8121535449054831204887031,27,5n5n11n2n,BIF,false
BR,Brazil,BR4273899107354143620913713PP,29,23n1a1c,BRL,false
BY,Belarus,BY03VNG94155WEC709UZT6OQ8MN0,28,4c4n16c,BYN,false
CH,Switzerland,CH0675698OK6KYXELVTDT,21,5n12c,CHF,true
CR,Costa Rica,CR02239616195544542673,22,18n,CRC,false
CY,Cyprus,CY5187784874A382WHV4DSFKABCW,28,8n16c,EUR,true
CZ,Czechia,CZ5017400359865191168567,24,20n,CZK,true
DE,Germany,DE10931113630994587545,22,18n,EUR,true
DJ,Djibouti,DJ9310281735892235716316716,27,23n,DJF,false
DK,Denmark,DK7181649214224687,18,14n,DKK,true
DO,Dominican Republic,DO07LFIP61319227432234912336,28,4c20n,DOP,false
EE,Estonia,EE787734499672750487,20,16n,EUR,true
EG,Egypt,EG492096639384765990758626039,29,25n,EGP,false
ES,Spain,ES8789763460908600295370,24,20n,EUR,true
FI,Finland,FI0670255230144968,18,14n,EUR,true
FK,Falkland Islands,FK85FP315045536042,18,2a12n,FKP,false
FO,Faroe Islands,FO5426749241953775,18,14n,DKK,false
FR,France,FR693284355038FRYGTRMXWQH74,27,10n11c2n,EUR,true
GB,United Kingdom,GB41AQFW25190222132793,22,4a14n,GBP,true
GE,Georgia,GE12QL4610786724593237,22,2a16n,GEL,false
GI,Gibraltar,GI92VRSFLCKRROGLSH40KDB,23,4a15c,GIP,true
GL,Greenland,GL7790807748391882,18,14n,DKK,false
GR,Greece,GR873253575B07V8Q4B2GS5MEX2,27,7n16c,EUR,true
GT,Guatemala,GT63HFYVF8LS3RDNV48BF6U86GRZ,28,4c20c,GTQ,false
HR,Croatia,HR8211069877960710259,21,17n,EUR,true
HU,Hungary,HU35421961345896705810305843,28,24n,HUF,true
IE,Ireland,IE79OZHQ18651148639789,22,4a14n,EUR,true
IL,Israel,IL935899487808057493382,23,19n,ILS,false
IQ,Iraq,IQ20SUDD297607050834885,23,4a15n,IQD,false
IS,Iceland,IS410138390278337558659177,26,22n,ISK,true
IT,Italy,IT60N37553014884G3V975P0FVD,27,1a10n12c,EUR,true
JO,Jordan,JO58YGZY74054X8VBUIY5MOGK20XVF,30,4a4n18c,JOD,false
KW,Kuwait,KW52YXRA1DXG1WM8TXYJ6EBNRT6EAE,30,4a22c,KWD,false
KZ,Kazakhstan,KZ82028TBCQKY8YM8HVQ,20,3n13c,KZT,false
LB,Lebanon,LB7235160SRO89ZPUNS24PFPVWB3,28,4n20c,LBP,false
LC,Saint Lucia,LC34TZIYW65Y4LB2DVQ3LKG7P5VOG9OF,32,4a24c,XCD,false
LI,Liechtenstein,LI1665197MFLPNW268JC9,21,5n12c,CHF,true
LT,Lithuania,LT906626930036162456,20,16n,EUR,true
LU,Luxembourg,LU84216133NRBDS3XU42,20,3n13c,EUR,true
LV,Latvia,LV50VUGD2FYWB8OCQDU3V,21,4a13c,EUR,true
LY,Libya,LY84403888486512973671440,25,21n,LYD,false
MC,Monaco,MC063410099877VSE681QDJYA38,27,10n11c2n,EUR,true
MD,Moldova,MD41D3LENUX6851NQFELAA76,24,2c18c,MDL,false
ME,Montenegro,ME91597186989147429841,22,18n,EUR,false
MK,North Macedonia,MK05383ZPM4RZSZQ999,19,3n10c2n,MKD,false
MN,Mongolia,MN536510891874106171,20,4n12n,MNT,false
MR,Mauritania,MR3127226855904410458992337,27,23n,MRU,false
MT,Malta,MT43JOIR15053FEE7194BCA5LHB00AY,31,4a5n18c,EUR,true
MU,Mauritius,MU21UAAT4457547140720597680NJT,30,4a19n3a,MUR,false
MZ,Mozambique,MZ75670011959849283997015,25,21n,MZN,false
NI,Nicaragua,NI30AOQX89999584588260757209,28,4a20n,NIO,false
NL,Netherlands,NL93ZNCM5669634925,18,4a10n,EUR,true
NO,Norway,NO6153976838647,15,11n,NOK,true
OM,Oman,OM1613826Y7GLPSMTN5QQ6X,23,3n16c,OMR,false
PK,Pakistan,PK55YEXWDJPMWFZUD2DDU1F2,24,4a16c,PKR,false
PL,Poland,PL43053037446737792762340609,28,24n,PLN,true
PS,Palestine,PS82XUTQI41MER5GKIIW9JC60XH3Z,29,4a21c,ILS,false
PT,Portugal,PT97168381075554123784372,25,21n,EUR,true
QA,Qatar,QA08CVKOLLEGG40VSLONJB0ISB7CL,29,4a21c,QAR,false
RO,Romania,RO57VBXQJV0EH7GMFUJPJIST,24,4a16c,RON,true
RS,Serbia,RS74315381611584290081,22,18n,RSD,false
RU,Russia,RU08507807773888984IAB4JE9V3PEHRJ,33,14n15c,RUB,false
SA,Saudi Arabia,SA7797WT6XO6L0E4V67THR3T,24,2n18c,SAR,false
SC,Seychelles,SC05KSTX92666270398224496408CEO,31,4a20n3a,SCR,false
SD,Sudan,SD0261585488776920,18,14n,SDG,false
SE,Sweden,SE8052013211495831985080,24,20n,SEK,true
SI,Slovenia,SI11553742640239889,19,15n,EUR,true
SK,Slovakia,SK3700103540073995457136,24,20n,EUR,true
SM,San Marino,SM65J2066105940Y66SNIGFIZ7D,27,1a10n12c,EUR,true
ST,Sao Tome and Principe,ST98665757857950710595811,25,21n,STN,false
SV,El Salvador,SV09YMED50610336955432069857,28,4a20n,USD,false
TL,Timor-Leste,TL344859358182009231902,23,19n,USD,false
TN,Tunisia,TN5049326925173842328991,24,20n,TND,false
TR,Turkey,TR6580490DIJYCO7674DRJ8XXU,26,5n17c,TRY,false
UA,Ukraine,UA49927524Z104R6SQGZVSAUR8SUA,29,6n19c,UAH,false
VA,Vatican City,VA76054934917453043139,22,18n,EUR,true
VG,British Virgin Islands,VG59HWBA6199933055210093,24,4a16n,USD,false
XK,Kosovo,XK470492429439427095,20,16n,EUR,false
AD,Andorra,AD05510167387L9N3OM4A6NM,24,8n12c,EUR,true
AE,United Arab Emirates,AE210665813094153993249,23,3n16n,AED,false
AL,Albania,AL7633510047BF49UXKTABFE0LWM,28,8n16c,ALL,false
AT,Austria,AT345531432098275800,20,16n,EUR,true
AZ,Azerbaijan,AZ68FQLER0LDW0YMDSYJT3JRL062,28,4a20c,AZN,false
BA,Bosnia and Herzegovina,BA552554014016938396,20,16n,BAM,false
BE,Belgium,BE04246970166748,16,12n,EUR,true
BG,Bulgaria,BG03YAEA610214IS09USC6,22,4a6n8c,EUR,true
BH,Bahrain,BH60VAIRCP6WGTAPDVHOJZ,22,4a14c,BHD,false
BI,Burundi,BI4278608803508257185643515,27,5n5n11n2n,BIF,false
BR,Brazil,BR2185214759290548125992908JH,29,23n1a1c,BRL,false
BY,Belarus,BY87JCD4536296PG2MTXXO9TM9AB,28,4c4n16c,BYN,false
CH,Switzerland,CH4710506F626W71W5EFR,21,5n12c,CHF,true
CR,Costa Rica,CR95306619522436903179,22,18n,CRC,false
CY,Cyprus,CY4734330627KVON4AK8Y4QVQMV7,28,8n16c,EUR,true
CZ,Czechia,CZ3600971321378816047377,24,20n,CZK,true
DE,Germany,DE95486524078385514486,22,18n,EUR,true
DJ,Djibouti,DJ0268250330761451559210718,27,23n,DJF,false
DK,Denmark,DK2318737207698288,18,14n,DKK,true
DO,Dominican Republic,DO729W3J64708308579317506485,28,4c20n,DOP,false
EE,Estonia,EE840677906909758042,20,16n,EUR,true
EG,Egypt,EG556348842104045863736848141,29,25n,EGP,false
ES,Spain,ES9887062610395632300956,24,20n,EUR,true
FI,Finland,FI6196055667481447,18,14n,EUR,true
FK,Falkland Islands,FK27KX710820771726,18,2a12n,FKP,false
FO,Faroe Islands,FO7072823311014126,18,14n,DKK,false
FR,France,FR6732859468868BEIOBT0IYU82,27,10n11c2n,EUR,true
GB,United Kingdom,GB92TCCL19262581278772,22,4a14n,GBP,true
GE,Georgia,GE05ZJ0687350373646103,22,2a16n,GEL,false
GI,Gibraltar,GI55NQIC6173SZKAY4MKI05,23,4a15c,GIP,true
GL,Greenland,GL0742565184970637,18,14n,DKK,false
GR,Greece,GR734437512XW73LEXCEKZ34K0R,27,7n16c,EUR,true
GT,Guatemala,GT7063KPET4QTU5E9YXZ2PKTMK6A,28,4c20c,GTQ,false
HR,Croatia,HR8386929211359335010,21,17n,EUR,true
HU,Hungary,HU66686151140936260161856922,28,24n,HUF,true
IE,Ireland,IE04BRTO61137164519801,22,4a14n,EUR,true
IL,Israel,IL742401847450451456673,23,19n,ILS,false
IQ,Iraq,IQ80MXAV112163197989153,23,4a15n,IQD,false
IS,Iceland,IS351796390833175417167465,26,22n,ISK,true
IT,Italy,IT34F97422751443V4ETUGSVIIU,27,1a10n12c,EUR,true
JO,Jordan,JO60ESAB031253C6129M2AGODVPRXG,30,4a4n18c,JOD,false
KW,Kuwait,KW29BVJNYCC9BJ4ULIA6B2OIMT4R1S,30,4a22c,KWD,false
KZ,Kazakhstan,KZ23742I6OTE9YLBV82Y,20,3n13c,KZT,false
LB,Lebanon,LB784457PKZ8SBQEGH4KGGS6ERWT,28,4n20c,LBP,false
LC,Saint Lucia,LC45YVPVIE4I9IO0GWRSTZUEDCXD6I6Q,32,4a24c,XCD,false
LI,Liechtenstein,LI0766137OSZ0ONAB3OQ3,21,5n12c,CHF,true
LT,Lithuania,LT934358323192759283,20,16n,EUR,true
LU,Luxembourg,LU11860V26FVKSBLWP8O,20,3n13c,EUR,true
LV,Latvia,LV94WNVB43TQBDMJAU78V,21,4a13c,EUR,true
LY,Libya,LY77665841995882835649718,25,21n,LYD,false
MC,Monaco,MC240629534328ENX29Y0XLUX53,27,10n11c2n,EUR,true
MD,Moldova,MD15C2XEOKZ6RJJ5LNXIS77X,24,2c18c,MDL,false
ME,Montenegro,ME06023708409372977567,22,18n,EUR,false
MK,North Macedonia,MK4208814PXCSTAFC33,19,3n10c2n,MKD,false
MN,Mongolia,MN520631355912942204,20,4n12n,MNT,false
MR,Mauritania,MR3078979561097912575804770,27,23n,MRU,false
MT,Malta,MT20SJSQ554394G8G7PMWQG4D1UDE28,31,4a5n18c,EUR,true
MU,Mauritius,MU09DZSC9224053900892479694CBB,30,4a19n3a,MUR,false
MZ,Mozambique,MZ25399083113049310650580,25,21n,MZN,false
NI,Nicaragua,NI38JTAL49059470033388562470,28,4a20n,NIO,false
NL,Netherlands,NL09USYA9902828781,18,4a10n,EUR,true
NO,Norway,NO9249665209526,15,11n,NOK,true
OM,Oman,OM88972MXNZI6PMN6LC1S4C,23,3n16c,OMR,false
PK,Pakistan,PK92PBZAMC3EXS4V3S1XAY3E,24,4a16c,PKR,false
PL,Poland,PL43142838319731492362691824,28,24n,PLN,true
PS,Palestine,PS54NDSNVS9U2Q3OEAOAE6YKW1G6H,29,4a21c,ILS,false
PT,Portugal,PT39498630694009871158064,25,21n,EUR,true
QA,Qatar,QA59SVQBM1PPTBAKTTIZ1BK3TZW76,29,4a21c,QAR,false
RO,Romania,RO70DTVRM01NPGPN6T2QNB4A,24,4a16c,RON,true
RS,Serbia,RS76795694636516696198,22,18n,RSD,false
RU,Russia,RU0958870461065500WCXJ88BJAVI1YXK,33,14n15c,RUB,false
SA,Saudi Arabia,SA8634C43NDN8JO818AESKO7,24,2n18c,SAR,false
SC,Seychelles,SC13EAPX71904359752436936756QPY,31,4a20n3a,SCR,false
SD,Sudan,SD0947951490144778,18,14n,SDG,false
SE,Sweden,SE1659834039708506801560,24,20n,SEK,true
SI,Slovenia,SI29522642060652734,19,15n,EUR,true
SK,Slovakia,SK4522154853603175278443,24,20n,EUR,true
SM,San Marino,SM98J4930515370MIKV1MO5TNSR,27,1a10n12c,EUR,true
ST,Sao Tome and Principe,ST84747503620249848192840,25,21n,STN,false
SV,El Salvador,SV86JJFK95039775002193331969,28,4a20n,USD,false
TL,Timor-Leste,TL558241974953376695776,23,19n,USD,false
TN,Tunisia,TN6532803505914869765954,24,20n,TND,false
TR,Turkey,TR0651584V09V69VMLSUJ5MUQU,26,5n17c,TRY,false
UA,Ukraine,UA02001039HF6EBVM75QZ2B2OZQT9,29,6n19c,UAH,false
VA,Vatican City,VA47956004719818336381,22,18n,EUR,true
VG,British Virgin Islands,VG78KCPQ9777134699964768,24,4a16n,USD,false
XK,Kosovo,XK662735514221163660,20,16n,EUR,false
AD,Andorra,AD65327615809FG3LHK82W67,24,8n12c,EUR,true
AE,United Arab Emirates,AE560079176442537767515,23,3n16n,AED,false
AL,Albania,AL292344892587C5Y9BE31DELAWI,28,8n16c,ALL,false
AT,Austria,AT714670506325120971,20,16n,EUR,true
AZ,Azerbaijan,AZ78GWLK5C0YUVMGYSMPC7TQR0ZA,28,4a20c,AZN,false
BA,Bosnia and Herzegovina,BA311062705005910788,20,16n,BAM,false
BE,Belgium,BE50711720991836,16,12n,EUR,true
BG,Bulgaria,BG90VNSZ511633GEVF41ES,22,4a6n8c,EUR,true
BH,Bahrain,BH11SOBBAZYJOPFS82Q4DW,22,4a14c,BHD,false
BI,Burundi,BI2626797999381972942209838,27,5n5n11n2n,BIF,false
BR,Brazil,BR7222101934089637926476892IG,29,23n1a1c,BRL,false
BY,Belarus,BY10USAK99543DNM08CPGZVQWN3E,28,4c4n16c,BYN,false
CH,Switzerland,CH3001200LIBDNSTG1CJB,21,5n12c,CHF,true
CR,Costa Rica,CR40169607453336104090,22,18n,CRC,false
CY,Cyprus,CY8229633939GN0V77MP3V6HH5OC,28,8n16c,EUR,true
CZ,Czechia,CZ5853890353659999415195,24,20n,CZK,true
DE,Germany,DE98168666028545994613,22,18n,EUR,true
DJ,Djibouti,DJ9227496387394640952234700,27,23n,DJF,false
DK,Denmark,DK4774099501295687,18,14n,DKK,true
DO,Dominican Republic,DO33BEO428867586345137083827,28,4c20n,DOP,false
EE,Estonia,EE463567884170803998,20,16n,EUR,true
EG,Egypt,EG674400556816400474696456026,29,25n,EGP,false
ES,Spain,ES7480787319205452851260,24,20n,EUR,true
FI,Finland,FI3674892636907590,18,14n,EUR,true
FK,Falkland Islands,FK38MH541824627122,18,2a12n,FKP,false
FO,Faroe Islands,FO0671085865408127,18,14n,DKK,false
FR,France,FR7217685117419X6I7PZ2ZGM63,27,10n11c2n,EUR,true
GB,United Kingdom,GB20HIKP85863929299146,22,4a14n,GBP,true
GE,Georgia,GE72QB6863156920457164,22,2a16n,GEL,false
GI,Gibraltar,GI42GPUX0ZI7ENAZ931DM85,23,4a15c,GIP,true
GL,Greenland,GL4011814214966876,18,14n,DKK,false
GR,Greece,GR723241504DDM5SGXUKSRVP7M8,27,7n16c,EUR,true
GT,Guatemala,GT41XQVMBUQW87ZG802BBFY4GA86,28,4c20c,GTQ,false
HR,Croatia,HR4587423302208088295,21,17n,EUR,true
HU,Hungary,HU82395861900902402686264313,28,24n,HUF,true
IE,Ireland,IE73PTHU07329081164282,22,4a14n,EUR,true
IL,Israel,IL807011568187505840327,23,19n,ILS,false
IQ,Iraq,IQ67XFCG252076785933826,23,4a15n,IQD,false
IS,Iceland,IS627986168205194910296021,26,22n,ISK,true
IT,Italy,IT87Z5088667886KCL2LH03HSP4,27,1a10n12c,EUR,true
JO,Jordan,JO26JXTO53086AVW7Q39JRUD6OYPXA,30,4a4n18c,JOD,false
KW,Kuwait,KW29EXPE7EXAO3CTGL5FY57MKCEC0C,30,4a22c,KWD,false
KZ,Kazakhstan,KZ29358OJST7ILZQ79XX,20,3n13c,KZT,false
LB,Lebanon,LB809652J3QCFHJQXR3CTH9TSS0U,28,4n20c,LBP,false
LC,Saint Lucia,LC89GOAJEATIO8QG5Y0M11PTOFHRVDJX,32,4a24c,XCD,false
LI,Liechtenstein,LI2140351EXLHBYSZR37U,21,5n12c,CHF,true
LT,Lithuania,LT374075763199493997,20,16n,EUR,true
LU,Luxembourg,LU33471PARPA4F0CND0Y,20,3n13c,EUR,true
LV,Latvia,LV16ETXSVMAZ04QHJIOYJ,21,4a13c,EUR,true
LY,Libya,LY18455018501607164584848,25,21n,LYD,false
MC,Monaco,MC481625165301L1QZKTU036C19,27,10n11c2n,EUR,true
MD,Moldova,MD578U5OS372VYOBCBSO0PSX,24,2c18c,MDL,false
ME,Montenegro,ME36334797814888647737,22,18n,EUR,false
MK,North Macedonia,MK245009FG5MKEZDH34,19,3n10c2n,MKD,false
MN,Mongolia,MN794262401732901786,20,4n12n,MNT,false
MR,Mauritania,MR0740749806239774069412370,27,23n,MRU,false
MT,Malta,MT63NBFJ29107JAJYJ908F09Z4VI4G5,31,4a5n18c,EUR,true
MU,Mauritius,MU27YKKL7704246918173188869UHX,30,4a19n3a,MUR,false
MZ,Mozambique,MZ87951236527225317489463,25,21n,MZN,false
NI,Nicaragua,NI91KLXC75002008077676029942,28,4a20n,NIO,false
NL,Netherlands,NL16DHCF4038219974,18,4a10n,EUR,true
NO,Norway,NO8714601124943,15,11n,NOK,true
OM,Oman,OM25821G4QAYNWQ16NI6SIB,23,3n16c,OMR,false
PK,Pakistan,PK06ABVLHOMUCYEIZ0ESE7CV,24,4a16c,PKR,false
PL,Poland,PL26083476731657043577698310,28,24n,PLN,true
PS,Palestine,PS11TMLY02XBKH09V5SVQXMED6PEW,29,4a21c,ILS,false
PT,Portugal,PT26874184813566413747750,25,21n,EUR,true
QA,Qatar,QA08LIMC4COOF5CD4NXMSIH2PLA2Y,29,4a21c,QAR,false
RO,Romania,RO67YAKXUYFK9CWI2DSQ9IR8,24,4a16c,RON,true
RS,Serbia,RS43008238422300667526,22,18n,RSD,false
RU,Russia,RU9449491997825056Y9TRW6VTB7SFDXS,33,14n15c,RUB,false
SA,Saudi Arabia,SA7968DXICPGRR5Z9U9LGVWD,24,2n18c,SAR,false
SC,Seychelles,SC59LOGZ62684045342821360262YPR,31,4a20n3a,SCR,false
SD,Sudan,SD9717740997757718,18,14n,SDG,false
SE,Sweden,SE1943700639661106561565,24,20n,SEK,true
SI,Slovenia,SI07432264880343277,19,15n,EUR,true
SK,Slovakia,SK9178067243340532299462,24,20n,EUR,true
SM,San Marino,SM90J3805765196IR9UURO854LY,27,1a10n12c,EUR,true
ST,Sao Tome and Principe,ST37340102710638949095193,25,21n,STN,false
SV,El Salvador,SV59BTKX47492597724373466530,28,4a20n,USD,false
TL,Timor-Leste,TL248678657430213478604,23,19n,USD,false
TN,Tunisia,TN5392364824422136541776,24,20n,TND,false
TR,Turkey,TR6259338N6ETBVT1AJSEED8PO,26,5n17c,TRY,false
UA,Ukraine,UA42283682LLKF8KHLTIM606YUMTW,29,6n19c,UAH,false
VA,Vatican City,VA52855033546058302835,22,18n,EUR,true
VG,British Virgin Islands,VG38AROT3039291325513134,24,4a16n,USD,false
XK,Kosovo,XK040227264012901160,20,16n,EUR,false
AD,Andorra,AD73768346397SEQQ9C4RARJ,24,8n12c,EUR,true
AE,United Arab Emirates,AE134757658554427916961,23,3n16n,AED,false
AL,Albania,AL6704908584T76W55DO59HQAYSE,28,8n16c,ALL,false
AT,Austria,AT719357599964278165,20,16n,EUR,true
AZ,Azerbaijan,AZ30TIXEPB3E46N2TAD0JFGGZLEF,28,4a20c,AZN,false
BA,Bosnia and Herzegovina,BA564306281344818391,20,16n,BAM,false
BE,Belgium,BE17204531699812,16,12n,EUR,true
BG,Bulgaria,BG50OBTU333893I3OG2WF3,22,4a6n8c,EUR,true
BH,Bahrain,BH05VWWREYUDWQVC1DJCXO,22,4a14c,BHD,false
BI,Burundi,BI9476963551120878148432464,27,5n5n11n2n,BIF,false
BR,Brazil,BR6017512468609561271674705HT,29,23n1a1c,BRL,false
BY,Belarus,BY45QV856465EI949PEA1PLKZ8RH,28,4c4n16c,BYN,false
CH,Switzerland,CH9681455U1Z29G9MENVU,21,5n12c,CHF,true
CR,Costa Rica,CR62908674846368627491,22,18n,CRC,false
CY,Cyprus,CY2150548954PH3WERRRRU5SJECU,28,8n16c,EUR,true
CZ,Czechia,CZ0241817033278758118069,24,20n,CZK,true
DE,Germany,DE53420586765155185430,22,18n,EUR,true
DJ,Djibouti,DJ0804244906406052121614295,27,23n,DJF,false
DK,Denmark,DK3699738106487177,18,14n,DKK,true
DO,Dominican Republic,DO42FRNG84584066509384431297,28,4c20n,DOP,false
EE,Estonia,EE302101436483356687,20,16n,EUR,true
EG,Egypt,EG663334920244002058671274633,29,25n,EGP,false
ES,Spain,ES6701891782702272794299,24,20n,EUR,true
FI,Finland,FI2186689848067060,18,14n,EUR,true
FK,Falkland Islands,FK77ZY043387164926,18,2a12n,FKP,false
FO,Faroe Islands,FO1204901486831037,18,14n,DKK,false
FR,France,FR099038631575OEHAALC8G7060,27,10n11c2n,EUR,true
GB,United Kingdom,GB60YPKM32630444275671,22,4a14n,GBP,true
GE,Georgia,GE50KF1911598553083504,22,2a16n,GEL,false
GI,Gibraltar,GI76SMNZJYY1AEBNMSYUTT4,23,4a15c,GIP,true
GL,Greenland,GL6858000417959930,18,14n,DKK,false
GR,Greece,GR284980073Z1VJCH4HLREX7DQA,27,7n16c,EUR,true
GT,Guatemala,GT56RPZZ41FWHMU16U45SUB9YF7Y,28,4c20c,GTQ,false
HR,Croatia,HR4915625553038051520,21,17n,EUR,true
HU,Hungary,HU35649794825363325419292209,28,24n,HUF,true
IE,Ireland,IE43IQJH99975750272179,22,4a14n,EUR,true
IL,Israel,IL645588900427775892388,23,19n,ILS,false
IQ,Iraq,IQ49NOQF033431355458540,23,4a15n,IQD,false
IS,Iceland,IS339282242731891066715005,26,22n,ISK,true
IT,Italy,IT13P97410788817RYNIBBNTBXU,27,1a10n12c,EUR,true
JO,Jordan,JO77PIZM798257C247X8ORO187GIQV,30,4a4n18c,JOD,false
KW,Kuwait,KW49OPFW1QC0N870MUK7I4PF01IMUA,30,4a22c,KWD,false
KZ,Kazakhstan,KZ14472ZZZEQYVMXS15V,20,3n13c,KZT,false
LB,Lebanon,LB312239QBH94STNN4PKGP3I2RRE,28,4n20c,LBP,false
LC,Saint Lucia,LC56EUJL8WE4J1SBK3HWRD7V7VPDD7R1,32,4a24c,XCD,false
LI,Liechtenstein,LI87790155HYM5J2DOZ07,21,5n12c,CHF,true
LT,Lithuania,LT753752702216831566,20,16n,EUR,true
LU,Luxembourg,LU76195VYSCNRHGU06H5,20,3n13c,EUR,true
LV,Latvia,LV35ZRGHJ5WB97NRJCZA8,21,4a13c,EUR,true
LY,Libya,LY85599460833470360102343,25,21n,LYD,false
MC,Monaco,MC117962570509JP2DVM3BMCR87,27,10n11c2n,EUR,true
MD,Moldova,MD121FDOSG7II183O2DQ9ZZ0,24,2c18c,MDL,false
ME,Montenegro,ME82329164979059976760,22,18n,EUR,false
MK,North Macedonia,MK32730SH6KW7SK3P80,19,3n10c2n,MKD,false
MN,Mongolia,MN753825118736844079,20,4n12n,MNT,false
MR,Mauritania,MR0695647172240132927367427,27,23n,MRU,false
MT,Malta,MT02HIOO38932CVBQ19PSVI2657ZNLC,31,4a5n18c,EUR,true
MU,Mauritius,MU62SFZN0292315652306041431CUN,30,4a19n3a,MUR,false
MZ,Mozambique,MZ17216549927233697997976,25,21n,MZN,false
NI,Nicaragua,NI06KYQA62135149593937098915,28,4a20n,NIO,false
NL,Netherlands,NL59FSKV0743306177,18,4a10n,EUR,true
NO,Norway,NO4646454241276,15,11n,NOK,true
OM,Oman,OM0244908GTERSL7ZYMSFZD,23,3n16c,OMR,false
PK,Pakistan,PK18WZVD3PAJ4DVNOJBV7R6G,24,4a16c,PKR,false
PL,Poland,PL63464239190570117155311728,28,24n,PLN,true
PS,Palestine,PS82NRVJTDG7C0203JIZPZTTZX9FN,29,4a21c,ILS,false
PT,Portugal,PT58776786392759698013628,25,21n,EUR,true
QA,Qatar,QA96BYPUPVIYJIQQUZZ4K7XJ6G76D,29,4a21c,QAR,false
RO,Romania,RO51HQEDK3VCHHU0C3U1PVL0,24,4a16c,RON,true
RS,Serbia,RS98870052239703384552,22,18n,RSD,false
RU,Russia,RU9025987145068067OPXURT9AMJKXKQI,33,14n15c,RUB,false
SA,Saudi Arabia,SA2808R6ANMRQXMJQ4GX89KX,24,2n18c,SAR,false
SC,Seychelles,SC10IFLM77312793213889661212QIY,31,4a20n3a,SCR,false
SD,Sudan,SD5552181342126346,18,14n,SDG,false
SE,Sweden,SE9705238935873793354529,24,20n,SEK,true
SI,Slovenia,SI28414745081225052,19,15n,EUR,true
SK,Slovakia,SK4920233244306222803056,24,20n,EUR,true
SM,San Marino,SM09T1201652737ZWVT6V5E7ETZ,27,1a10n12c,EUR,true
ST,Sao Tome and Principe,ST82124182667551995384600,25,21n,STN,false
SV,El Salvador,SV66ZVVE61590800429818792987,28,4a20n,USD,false
TL,Timor-Leste,TL296433264505105064891,23,19n,USD,false
TN,Tunisia,TN5551815739510825799137,24,20n,TND,false
TR,Turkey,TR7006119LVA7VFDSEJF9ZTM84,26,5n17c,TRY,false
UA,Ukraine,UA104346410U7FO8CI96LRYD08ICN,29,6n19c,UAH,false
VA,Vatican City,VA20977089799819183910,22,18n,EUR,true
VG,British Virgin Islands,VG76TVSW3339495017537873,24,4a16n,USD,false
XK,Kosovo,XK694450022831781752,20,16n,EUR,false
AD,Andorra,AD1090894786DYKMXRIOZ9J2,24,8n12c,EUR,true
AE,United Arab Emirates,AE048186007622814682891,23,3n16n,AED,false
AL,Albania,AL9640924995SRZ0JOCYZD0VZUTZ,28,8n16c,ALL,false
AT,Austria,AT067091877656417689,20,16n,EUR,true
AZ,Azerbaijan,AZ48HWCC4G10WN51Q0J27LQXY6K7,28,4a20c,AZN,false
BA,Bosnia and Herzegovina,BA668161902648167011,20,16n,BAM,false
BE,Belgium,BE79002080806108,16,12n,EUR,true
BG,Bulgaria,BG51XALS247017XX6GRVDU,22,4a6n8c,EUR,true
BH,Bahrain,BH52VLOLWKF1D48BU1S94I,22,4a14c,BHD,false
BI,Burundi,BI1619648788479458629768355,27,5n5n11n2n,BIF,false
BR,Brazil,BR4950629958011043876829456TF,29,23n1a1c,BRL,false
BY,Belarus,BY77HWK16073PP8NKX671PWHK117,28,4c4n16c,BYN,false
CH,Switzerland,CH4603708W0XPBQJVSWIE,21,5n12c,CHF,true
CR,Costa Rica,CR59469804526333957108,22,18n,CRC,false
CY,Cyprus,CY27172022400IERQ71RZ35BWM00,28,8n16c,EUR,true
CZ,Czechia,CZ2145027363870754496447,24,20n,CZK,true
DE,Germany,DE79220597082697269900,22,18n,EUR,true
DJ,Djibouti,DJ2766256325937914585376004,27,23n,DJF,false
DK,Denmark,DK8292851249215350,18,14n,DKK,true
DO,Dominican Republic,DO05O35937301624305756746859,28,4c20n,DOP,false
EE,Estonia,EE373049185322083422,20,16n,EUR,true
EG,Egypt,EG885302298855538109145673758,29,25n,EGP,false
ES,Spain,ES4042961935610543194244,24,20n,EUR,true
FI,Finland,FI2964507121337885,18,14n,EUR,true
FK,Falkland Islands,FK12XV659910251276,18,2a12n,FKP,false
FO,Faroe Islands,FO3007550991215240,18,14n,DKK,false
FR,France,FR113167644506D0EJD8TM8SF32,27,10n11c2n,EUR,true
GB,United Kingdom,GB69QRZG34952338822539,22,4a14n,GBP,true
GE,Georgia,GE18VX5990444521007616,22,2a16n,GEL,false
GI,Gibraltar,GI65HDAWKQXXKNA3H8XR6D2,23,4a15c,GIP,true
GL,Greenland,GL1249286614404212,18,14n,DKK,false
GR,Greece,GR038347886LEEB27JSLKGSYJ7N,27,7n16c,EUR,true
GT,Guatemala,GT03A1UNU20NB2IZQZ9PUCH1E3MU,28,4c20c,GTQ,false
HR,Croatia,HR8787032865463341604,21,17n,EUR,true
HU,Hungary,HU93559651231525425964803697,28,24n,HUF,true
IE,Ireland,IE82CCYV49715917047848,22,4a14n,EUR,true
IL,Israel,IL163609416054384480726,23,19n,ILS,false
IQ,Iraq,IQ09OJOG491070810421864,23,4a15n,IQD,false
IS,Iceland,IS815321991682450647152798,26,22n,ISK,true
IT,Italy,IT31A5044760419PGTCM1R1661S,27,1a10n12c,EUR,true
JO,Jordan,JO87EOPK73475VHMRJG14QXG2R2D0F,30,4a4n18c,JOD,false
KW,Kuwait,KW70IKLOXF4HFI1FOK9TM8P4IXJMVU,30,4a22c,KWD,false
KZ,Kazakhstan,KZ55109O0ZB92P2ARAE2,20,3n13c,KZT,false
LB,Lebanon,LB216242MHY2TZARR4DGF54GNASK,28,4n20c,LBP,false
LC,Saint Lucia,LC29AETY65EMEPA765FK8DHNXLADDCOD,32,4a24c,XCD,false
LI,Liechtenstein,LI4763743OZ3LAT6G2HUJ,21,5n12c,CHF,true
LT,Lithuania,LT582638438299514455,20,16n,EUR,true
LU,Luxembourg,LU94822MOD8K8OTCAXOW,20,3n13c,EUR,true
LV,Latvia,LV02EYIXX11EGWT655UP7,21,4a13c,EUR,true
LY,Libya,LY20364349319123063380968,25,21n,LYD,false
MC,Monaco,MC88546068590880XIDPTWHI653,27,10n11c2n,EUR,true
MD,Moldova,MD94MH91XNVEEF1TTVVAU77F,24,2c18c,MDL,false
ME,Montenegro,ME02897506258495753506,22,18n,EUR,false
MK,North Macedonia,MK17130IBCQ6H1KYL33,19,3n10c2n,MKD,false
MN,Mongolia,MN670815439285635049,20,4n12n,MNT,false
MR,Mauritania,MR4520861041518022741384659,27,23n,MRU,false
MT,Malta,MT57JUPW150573RZRW9L4V4MOGAPHZ0,31,4a5n18c,EUR,true
MU,Mauritius,MU65PYEQ3604442196049992922KRJ,30,4a19n3a,MUR,false
MZ,Mozambique,MZ36754419897066451901619,25,21n,MZN,false
NI,Nicaragua,NI13JKDQ52733748498452843918,28,4a20n,NIO,false
NL,Netherlands,NL60SJVG6000091326,18,4a10n,EUR,true
NO,Norway,NO2076058756495,15,11n,NOK,true
OM,Oman,OM37150PGOSP3SLQI33F6WN,23,3n16c,OMR,false
PK,Pakistan,PK97HISFY6MIK5U7O9V8WK3U,24,4a16c,PKR,false
PL,Poland,PL83034574719128108116090319,28,24n,PLN,true
PS,Palestine,PS96OHQB5OY5LPWQTH2OYL51DPBPO,29,4a21c,ILS,false
PT,Portugal,PT06710235350610562524096,25,21n,EUR,true
QA,Qatar,QA44LLWAPZENJWR6TM3Q07PYYJRB9,29,4a21c,QAR,false
RO,Romania,RO17SEPI2EYWPIFOBH2YJ7GU,24,4a16c,RON,true
RS,Serbia,RS14063638940395140396,22,18n,RSD,false
RU,Russia,RU2016319087222000RVYNRJSS7IWXKBK,33,14n15c,RUB,false
SA,Saudi Arabia,SA176834ZWJEDPZESHU7V0OP,24,2n18c,SAR,false
SC,Seychelles,SC51PKBZ84023824421061806001OBA,31,4a20n3a,SCR,false
SD,Sudan,SD7845925201261545,18,14n,SDG,false
SE,Sweden,SE9235229068005134452127,24,20n,SEK,true
SI,Slovenia,SI28341464256602422,19,15n,EUR,true
SK,Slovakia,SK7054691276404441345374,24,20n,EUR,true
SM,San Marino,SM02J12947795161E8LXWWOZYFJ,27,1a10n12c,EUR,true
ST,Sao Tome and Principe,ST39609068125757254059097,25,21n,STN,false
SV,El Salvador,SV51GASR33843029587740014383,28,4a20n,USD,false
TL,Timor-Leste,TL555388133136041509602,23,19n,USD,false
TN,Tunisia,TN5843665422876923212598,24,20n,TND,false
TR,Turkey,TR3926751P36Q8ZDYK9N0AOOKC,26,5n17c,TRY,false
UA,Ukraine,UA30935074HO5M3VRBLLPHQPX8GOP,29,6n19c,UAH,false
VA,Vatican City,VA25828097632765511832,22,18n,EUR,true
VG,British Virgin Islands,VG12FPWY0054999608818803,24,4a16n,USD,false
XK,Kosovo,XK398941041523252781,20,16n,EUR,false
AD,Andorra,AD80804527978N7MQ1S14DAX,24,8n12c,EUR,true
AE,United Arab Emirates,AE475958482979202621684,23,3n16n,AED,false
AL,Albania,AL0374816538W04ZBG7TJGN9V1H4,28,8n16c,ALL,false
AT,Austria,AT813738286250406107,20,16n,EUR,true
AZ,Azerbaijan,AZ89BSCPAIADJCFSEUEV62ECXJTB,28,4a20c,AZN,false
BA,Bosnia and Herzegovina,BA938111185725364469,20,16n,BAM,false
BE,Belgium,BE12974667300092,16,12n,EUR,true
BG,Bulgaria,BG68HGAU54562404YX3ZYD,22,4a6n8c,EUR,true
BH,Bahrain,BH92JHCPTUPW8J2AUR3ZAW,22,4a14c,BHD,false
BI,Burundi,BI3142207883768026012612464,27,5n5n11n2n,BIF,false
BR,Brazil,BR3588856289245686185109931P5,29,23n1a1c,BRL,false
BY,Belarus,BY83YP7A845308OXDV6HS3A7FC7I,28,4c4n16c,BYN,false
CH,Switzerland,CH53800304W9JV8XWK86B,21,5n12c,CHF,true
CR,Costa Rica,CR24915635539147397604,22,18n,CRC,false
CY,Cyprus,CY07541778192QAVIJK20Q25Y92Z,28,8n16c,EUR,true
CZ,Czechia,CZ9715078313018080707983,24,20n,CZK,true
DE,Germany,DE42542214185768035940,22,18n,EUR,true
DJ,Djibouti,DJ6286549089006353539668554,27,23n,DJF,false
DK,Denmark,DK2273883514332424,18,14n,DKK,true
DO,Dominican Republic,DO42OULJ25530925993378898399,28,4c20n,DOP,false
EE,Estonia,EE983586393650108028,20,16n,EUR,true
EG,Egypt,EG251889253032659145916056319,29,25n,EGP,false
ES,Spain,ES2343136011789562332200,24,20n,EUR,true
FI,Finland,FI1825250701029307,18,14n,EUR,true
FK,Falkland Islands,FK31MD642647614049,18,2a12n,FKP,false
FO,Faroe Islands,FO8702016070771296,18,14n,DKK,false
FR,France,FR561272833093PWSW12PYH2A43,27,10n11c2n,EUR,true
GB,United Kingdom,GB89AMQM48010723298758,22,4a14n,GBP,true
GE,Georgia,GE10AK8301839619477008,22,2a16n,GEL,false
GI,Gibraltar,GI03CKGJHFSCGSWLMEFAHFQ,23,4a15c,GIP,true
GL,Greenland,GL8072964820366337,18,14n,DKK,false
GR,Greece,GR046511432ZDS3VJ01K58UXFUF,27,7n16c,EUR,true
GT,Guatemala,GT108Y46L23PP5UODU8QPCLX96BM,28,4c20c,GTQ,false
HR,Croatia,HR5303531926458306497,21,17n,EUR,true
HU,Hungary,HU19016545280794905762212780,28,24n,HUF,true
IE,Ireland,IE81CPSO56314793659082,22,4a14n,EUR,true
IL,Israel,IL318632595557765580280,23,19n,ILS,false
IQ,Iraq,IQ50JLOL427374395698537,23,4a15n,IQD,false
IS,Iceland,IS805835064958890566834483,26,22n,ISK,true
IT,Italy,IT82Y6282620938WDLU118IQZ03,27,1a10n12c,EUR,true
JO,Jordan,JO02DFWH9089Z6DIC3HJ66PCQWKGR6,30,4a4n18c,JOD,false
KW,Kuwait,KW65TCBP2338AYGSA6PB2S59AZC0Q3,30,4a22c,KWD,false
KZ,Kazakhstan,KZ64795QWHBRQS4EDD8V,20,3n13c,KZT,false
LB,Lebanon,LB6162880J6NDP66IWYBAOD1Z3QV,28,4n20c,LBP,false
LC,Saint Lucia,LC07VMCQGDXUH677PNUW8ALMA0WHV497,32,4a24c,XCD,false
LI,Liechtenstein,LI455904527TQ672MH1L3,21,5n12c,CHF,true
LT,Lithuania,LT461850431469451846,20,16n,EUR,true
LU,Luxembourg,LU293097DNNBOC31729O,20,3n13c,EUR,true
LV,Latvia,LV56OTPSD7TD6CAZEJ3I5,21,4a13c,EUR,true
LY,Libya,LY69865230831843100388810,25,21n,LYD,false
MC,Monaco,MC1309471727450FTA5BG7UAA02,27,10n11c2n,EUR,true
MD,Moldova,MD78M5WPLQQH8KJGRCVJCWDY,24,2c18c,MDL,false
ME,Montenegro,ME77423947231325717756,22,18n,EUR,false
MK,North Macedonia,MK59136JIQJQ23IKM18,19,3n10c2n,MKD,false
MN,Mongolia,MN975220399495146885,20,4n12n,MNT,false
MR,Mauritania,MR0570070594829422335436054,27,23n,MRU,false
MT,Malta,MT23LIVQ06510BUH3DSUSQYBIPBVMOV,31,4a5n18c,EUR,true
MU,Mauritius,MU64ONJN2437583409369796647QIN,30,4a19n3a,MUR,false
MZ,Mozambique,MZ46490495133782568397839,25,21n,MZN,false
NI,Nicaragua,NI89PCCD45027115252824263191,28,4a20n,NIO,false
NL,Netherlands,NL53XILB7549921565,18,4a10n,EUR,true
NO,Norway,NO0804667361797,15,11n,NOK,true
OM,Oman,OM40823WVGTUNBW50ZA298J,23,3n16c,OMR,false
PK,Pakistan,PK58TEYQ4UVXAHY02QVBMBPF,24,4a16c,PKR,false
PL,Poland,PL44023793961178864579978565,28,24n,PLN,true
PS,Palestine,PS19GNHLYKKCE70O117I0KWENBV36,29,4a21c,ILS,false
PT,Portugal,PT86831304966068512237024,25,21n,EUR,true
QA,Qatar,QA56BZIQGHD0Q2ALCHRPEZ3J0VSD1,29,4a21c,QAR,false
RO,Romania,RO34PXTVQHCF7H5T2N1LXZGE,24,4a16c,RON,true
RS,Serbia,RS24741714847408418341,22,18n,RSD,false
RU,Russia,RU7885059614478985HONQ001Z3G35JZ2,33,14n15c,RUB,false
SA,Saudi Arabia,SA49646D1J3KNZZNKEKDKET3,24,2n18c,SAR,false
SC,Seychelles,SC42EMQA58584205078569941006RWQ,31,4a20n3a,SCR,false
SD,Sudan,SD9536982962231541,18,14n,SDG,false
SE,Sweden,SE1155108915819386904123,24,20n,SEK,true
SI,Slovenia,SI45829882314797163,19,15n,EUR,true
SK,Slovakia,SK9562054124625516604708,24,20n,EUR,true
SM,San Marino,SM87P50296454475BL91676HMWE,27,1a10n12c,EUR,true
ST,Sao Tome and Principe,ST26665141560245384255640,25,21n,STN,false
SV,El Salvador,SV23HVHN42218369742830361792,28,4a20n,USD,false
TL,Timor-Leste,TL509684420785238360773,23,19n,USD,false
TN,Tunisia,TN5091580687231734439090,24,20n,TND,false
TR,Turkey,TR8961568RTPAJ4ZS7GPH8J7AY,26,5n17c,TRY,false
UA,Ukraine,UA982673213LEQDCHRTQMNEVWV609,29,6n19c,UAH,false
VA,Vatican City,VA71048226449692078561,22,18n,EUR,true
VG,British Virgin Islands,VG66CRBU9703258034980877,24,4a16n,USD,false
XK,Kosovo,XK872127407971364571,20,16n,EUR,false
AD,Andorra,AD0623902952IMJEELI5874C,24,8n12c,EUR,true
AE,United Arab Emirates,AE530056664055822157191,23,3n16n,AED,false
AL,Albania,AL68155385084FOJYEBSA3VOKOHP,28,8n16c,ALL,false
AT,Austria,AT049606190982270932,20,16n,EUR,true
AZ,Azerbaijan,AZ41MMAVO2EU0KPEX1W1B6Z31T77,28,4a20c,AZN,false
BA,Bosnia and Herzegovina,BA634038925272695701,20,16n,BAM,false
BE,Belgium,BE49050352774683,16,12n,EUR,true
BG,Bulgaria,BG75HKIX99606811RGIVGM,22,4a6n8c,EUR,true
BH,Bahrain,BH09URZIXEEJN9RX745X77,22,4a14c,BHD,false
BI,Burundi,BI3204392678382075315335879,27,5n5n11n2n,BIF,false
BR,Brazil,BR3317077985603220232180472Q4,29,23n1a1c,BRL,false
BY,Belarus,BY04QDB99457RZB0SFTWJU6WVFJI,28,4c4n16c,BYN,false
CH,Switzerland,CH0351608T2NKZ54AQ7H2,21,5n12c,CHF,true
CR,Costa Rica,CR68359732679800553380,22,18n,CRC,false
CY,Cyprus,CY31775994515H9G2DR4N444JZDC,28,8n16c,EUR,true
CZ,Czechia,CZ4825734096710027602800,24,20n,CZK,true
DE,Germany,DE36497432329640859933,22,18n,EUR,true
DJ,Djibouti,DJ0333759313447269261439898,27,23n,DJF,false
DK,Denmark,DK8753055494217289,18,14n,DKK,true
DO,Dominican Republic,DO357L1O80778180862468274367,28,4c20n,DOP,false
EE,Estonia,EE219279852894860064,20,16n,EUR,true
EG,Egypt,EG372933725254777935654950659,29,25n,EGP,false
ES,Spain,ES9487668909938519278996,24,20n,EUR,true
FI,Finland,FI8899086425361161,18,14n,EUR,true
FK,Falkland Islands,FK93XG624323517285,18,2a12n,FKP,false
FO,Faroe Islands,FO9414458514836383,18,14n,DKK,false
FR,France,FR684240640461BCGFLMRATPF41,27,10n11c2n,EUR,true
GB,United Kingdom,GB86KFMQ99952029401532,22,4a14n,GBP,true
GE,Georgia,GE22XT7128281700465523,22,2a16n,GEL,false
GI,Gibraltar,GI09ELCLSFZ6A84G3SSSRF2,23,4a15c,GIP,true
GL,Greenland,GL8701826245808048,18,14n,DKK,false
GR,Greece,GR426200200H3969570T301O0JO,27,7n16c,EUR,true
GT,Guatemala,GT28XKUII45JFM8F3MW94TX8HCKD,28,4c20c,GTQ,false
HR,Croatia,HR5050925527145755863,21,17n,EUR,true
HU,Hungary,HU92341042363274011126944744,28,24n,HUF,true
IE,Ireland,IE11XOKM84197621688644,22,4a14n,EUR,true
IL,Israel,IL369838057069110212192,23,19n,ILS,false
IQ,Iraq,IQ80OIVX725281850638820,23,4a15n,IQD,false
IS,Iceland,IS397611680727131040550160,26,22n,ISK,true
IT,Italy,IT09T77371202585YV43E0OLKVF,27,1a10n12c,EUR,true
JO,Jordan,JO64LBNC2586XSTK0NZPHWM4PLU28M,30,4a4n18c,JOD,false
KW,Kuwait,KW71PFDL4401Z63H0GM7JG4D4CPGHJ,30,4a22c,KWD,false
KZ,Kazakhstan,KZ15324CU5PA6KEVSTMU,20,3n13c,KZT,false
LB,Lebanon,LB1480246VFDY5PKKPYU3WF906J7,28,4n20c,LBP,false
LC,Saint Lucia,LC76XJZRZ4NH8NT5SY9ZOV4R2GK5BENZ,32,4a24c,XCD,false
LI,Liechtenstein,LI0293192GALP0X7NFCRT,21,5n12c,CHF,true
LT,Lithuania,LT521952670346570746,20,16n,EUR,true
LU,Luxembourg,LU37217PQR8ZX1VHF4U2,20,3n13c,EUR,true
LV,Latvia,LV10QCXFM10F4H72ALVTG,21,4a13c,EUR,true
LY,Libya,LY49011552969252520772252,25,21n,LYD,false
MC,Monaco,MC893775175210MGYDUAK8AWU52,27,10n11c2n,EUR,true
MD,Moldova,MD258Y16D2WVXCO8LZB87CT2,24,2c18c,MDL,false
ME,Montenegro,ME15719148068905340691,22,18n,EUR,false
MK,North Macedonia,MK98787RUTL3U9HUB18,19,3n10c2n,MKD,false
MN,Mongolia,MN683780452273946734,20,4n12n,MNT,false
MR,Mauritania,MR4167669932335363611678941,27,23n,MRU,false
MT,Malta,MT05PLCR76040H2ZAGC5W9BYQSX2SUL,31,4a5n18c,EUR,true
MU,Mauritius,MU80DOYF7029194441340943867CIJ,30,4a19n3a,MUR,false
MZ,Mozambique,MZ58230056858665433071615,25,21n,MZN,false
NI,Nicaragua,NI14LTRR80263932886266090629,28,4a20n,NIO,false
NL,Netherlands,NL44SJZR3683625242,18,4a10n,EUR,true
NO,Norway,NO1121090053831,15,11n,NOK,true
OM,Oman,OM07124CA7MZIJ80YWDSUWB,23,3n16c,OMR,false
PK,Pakistan,PK96UTUT9610BVRRAMTHGMFX,24,4a16c,PKR,false
PL,Poland,PL20350162821617268601727134,28,24n,PLN,true
PS,Palestine,PS66QMYFNKGLL90WSYMQWYJ030XH5,29,4a21c,ILS,false
PT,Portugal,PT88028541294113754820936,25,21n,EUR,true
QA,Qatar,QA64POYT0H1VI8ZVIS2EBBBB8ED29,29,4a21c,QAR,false
RO,Romania,RO75DIKK4LYWGGUHIOERVU2U,24,4a16c,RON,true
RS,Serbia,RS22456254526199293152,22,18n,RSD,false
RU,Russia,RU8348873680730227VPALTUW1ZQCLBLM,33,14n15c,RUB,false
SA,Saudi Arabia,SA3916IWAE5MHXZE3JTXCZ2E,24,2n18c,SAR,false
SC,Seychelles,SC71NCEJ01340740228558831726UMZ,31,4a20n3a,SCR,false
SD,Sudan,SD4386523342228567,18,14n,SDG,false
SE,Sweden,SE9392781863688223497762,24,20n,SEK,true
SI,Slovenia,SI51430865548642485,19,15n,EUR,true
SK,Slovakia,SK5382631716348607541112,24,20n,EUR,true
SM,San Marino,SM93H2661696647PCRL86XZK29I,27,1a10n12c,EUR,true
ST,Sao Tome and Principe,ST77993339234942470050342,25,21n,STN,false
SV,El Salvador,SV48QAQI54793510801703756329,28,4a20n,USD,false
TL,Timor-Leste,TL223460221754525123528,23,19n,USD,false
TN,Tunisia,TN7688753593331006865086,24,20n,TND,false
TR,Turkey,TR977604244507H2SN82VZECDK,26,5n17c,TRY,false
UA,Ukraine,UA27204223359HXOZN052GNNVCYUB,29,6n19c,UAH,false
VA,Vatican City,VA20867087387756623418,22,18n,EUR,true
VG,British Virgin Islands,VG90HFEI0254072986951683,24,4a16n,USD,false
XK,Kosovo,XK069001951918850328,20,16n,EUR,false
AD,Andorra,AD8621654567UD35VK8M1DKB,24,8n12c,EUR,true
AE,United Arab Emirates,AE561895917909438487227,23,3n16n,AED,false
AL,Albania,AL8751365410QTX6K1FA67STUZ59,28,8n16c,ALL,false
AT,Austria,AT289451476617417091,20,16n,EUR,true
AZ,Azerbaijan,AZ82TMRK3SNYSEYS34WSK83FB97V,28,4a20c,AZN,false
BA,Bosnia and Herzegovina,BA380733055743244175,20,16n,BAM,false
BE,Belgium,BE21580889131374,16,12n,EUR,true
BG,Bulgaria,BG73DEAY597088JRIY8U57,22,4a6n8c,EUR,true
BH,Bahrain,BH04KVVYOFC3U1JKOU2JJE,22,4a14c,BHD,false
BI,Burundi,BI8904130689123177716268643,27,5n5n11n2n,BIF,false
BR,Brazil,BR9210982113488153700321412P2,29,23n1a1c,BRL,false
BY,Belarus,BY04LDC31942MD7ASUNAG91DQTDX,28,4c4n16c,BYN,false
CH,Switzerland,CH3621996UYNQCH7SFQA9,21,5n12c,CHF,true
CR,Costa Rica,CR54583902695553580462,22,18n,CRC,false
CY,Cyprus,CY2252395801UNPU6Y8HNIQ993LM,28,8n16c,EUR,true
CZ,Czechia,CZ5243237260447334216013,24,20n,CZK,true
DE,Germany,DE19001142366863731088,22,18n,EUR,true
DJ,Djibouti,DJ4986917709564666799085140,27,23n,DJF,false
DK,Denmark,DK7166658406947059,18,14n,DKK,true
DO,Dominican Republic,DO56L9TF23989969020620601268,28,4c20n,DOP,false
EE,Estonia,EE902028336431516739,20,16n,EUR,true
EG,Egypt,EG909075109363932112344447652,29,25n,EGP,false
ES,Spain,ES7808823874993991714810,24,20n,EUR,true
FI,Finland,FI8764620975696777,18,14n,EUR,true
FK,Falkland Islands,FK37HJ750361553451,18,2a12n,FKP,false
FO,Faroe Islands,FO9710295872365738,18,14n,DKK,false
FR,France,FR0387949095980CGL8T0USVX56,27,10n11c2n,EUR,true
GB,United Kingdom,GB32SPJF36102283852627,22,4a14n,GBP,true
GE,Georgia,GE81UM3468565357145113,22,2a16n,GEL,false
GI,Gibraltar,GI66DVVG9ICYBMR4LM7VBVJ,23,4a15c,GIP,true
GL,Greenland,GL6870316912310638,18,14n,DKK,false
GR,Greece,GR9091726788GIVCQVE1SFZZQDQ,27,7n16c,EUR,true
GT,Guatemala,GT91LMY2HIH2XKB5H35LHB7N4GVJ,28,4c20c,GTQ,false
HR,Croatia,HR4364234334103210755,21,17n,EUR,true
HU,Hungary,HU38163296923224719509010805,28,24n,HUF,true
IE,Ireland,IE50KJQU65893122996392,22,4a14n,EUR,true
IL,Israel,IL219004677240582272408,23,19n,ILS,false
IQ,Iraq,IQ85QWZM348248837486881,23,4a15n,IQD,false
IS,Iceland,IS262353891925108142876515,26,22n,ISK,true
IT,Italy,IT97Z1032044990543BCLRIBD5W,27,1a10n12c,EUR,true
JO,Jordan,JO09WOBU5270TWD7Q0CEK60AAN758J,30,4a4n18c,JOD,false
KW,Kuwait,KW10XSKV24H1582C1E6CTS3RHQ5JBL,30,4a22c,KWD,false
KZ,Kazakhstan,KZ07674WXSKFROHQALTS,20,3n13c,KZT,false
LB,Lebanon,LB4769556OKYCZ5LTJRZZ3YPQ7HF,28,4n20c,LBP,false
LC,Saint Lucia,LC23YYRTAUPLHVN10EJWBTA38V5FE0C2,32,4a24c,XCD,false
LI,Liechtenstein,LI57115787CXI58N6RSMT,21,5n12c,CHF,true
LT,Lithuania,LT121144111326067939,20,16n,EUR,true
LU,Luxembourg,LU69029YVD0KI0O39DAZ,20,3n13c,EUR,true
LV,Latvia,LV45YVRX1ADKH4ISXR90W,21,4a13c,EUR,true
LY,Libya,LY91705298566896453790578,25,21n,LYD,false
MC,Monaco,MC293242561878J0MIS3R2PWY03,27,10n11c2n,EUR,true
MD,Moldova,MD14DTKLBE207Y6N4FLEDVG0,24,2c18c,MDL,false
ME,Montenegro,ME56655708123208283573,22,18n,EUR,false
MK,North Macedonia,MK33040ULO5O1E2WA11,19,3n10c2n,MKD,false
MN,Mongolia,MN514940637629087147,20,4n12n,MNT,false
MR,Mauritania,MR5545275163721381347704591,27,23n,MRU,false
MT,Malta,MT29TMFA75272BGQNH7SBYOSCBM7WSJ,31,4a5n18c,EUR,true
MU,Mauritius,MU56FYZR5366423023238971796AEQ,30,4a19n3a,MUR,false
MZ,Mozambique,MZ32062906260702479549545,25,21n,MZN,false
NI,Nicaragua,NI44RCNB01183322112541915955,28,4a20n,NIO,false
NL,Netherlands,NL86YQHG9257534145,18,4a10n,EUR,true
NO,Norway,NO8281620317018,15,11n,NOK,true
OM,Oman,OM4175665RCPSK2NQVR44CC,23,3n16c,OMR,false
PK,Pakistan,PK97BGMEYVLJQEWQBFU9INI2,24,4a16c,PKR,false
PL,Poland,PL64276485228269425157851141,28,24n,PLN,true
PS,Palestine,PS29LXZUYQF4RVUY6P6E3DO91PTLB,29,4a21c,ILS,false
PT,Portugal,PT79575707741325953494692,25,21n,EUR,true
QA,Qatar,QA61SPIKXA80FCCF80A7GPBUQNQ8S,29,4a21c,QAR,false
RO,Romania,RO79EJULAIT7KODIW6AFPPGZ,24,4a16c,RON,true
RS,Serbia,RS31176722254240779599,22,18n,RSD,false
RU,Russia,RU38281252165244381J025XQJ4B77P7Y,33,14n15c,RUB,false
SA,Saudi Arabia,SA0487XO8JZ7ZVNAX23ULPSW,24,2n18c,SAR,false
SC,Seychelles,SC78XGXQ86239923593893537126DAS,31,4a20n3a,SCR,false
SD,Sudan,SD1264458432120298,18,14n,SDG,false
SE,Sweden,SE8516699684541179815660,24,20n,SEK,true
SI,Slovenia,SI55171134948533423,19,15n,EUR,true
SK,Slovakia,SK3545299668791709953884,24,20n,EUR,true
SM,San Marino,SM75M0692209281Q7T2SH9NNLHU,27,1a10n12c,EUR,true
ST,Sao Tome and Principe,ST32057380158996825228489,25,21n,STN,false
SV,El Salvador,SV76XNWK16773448060964833410,28,4a20n,USD,false
TL,Timor-Leste,TL740941113108390497622,23,19n,USD,false
TN,Tunisia,TN4263905136039869811972,24,20n,TND,false
TR,Turkey,TR8501463OQGPN9BDGWSR8HAYG,26,5n17c,TRY,false
UA,Ukraine,UA24537192KI0S2KUJYDE74DT0I3R,29,6n19c,UAH,false
VA,Vatican City,VA17343405070284132329,22,18n,EUR,true
VG,British Virgin Islands,VG26NPFH2534384208749095,24,4a16n,USD,false
XK,Kosovo,XK155549599876494899,20,16n,EUR,false
AD,Andorra,AD3160700410LKKQI7PL6NVG,24,8n12c,EUR,true
AE,United Arab Emirates,AE744968195949459265906,23,3n16n,AED,false
AL,Albania,AL39823380279UDWITFHRJQ1GBVM,28,8n16c,ALL,false
AT,Austria,AT225642380079263532,20,16n,EUR,true
AZ,Azerbaijan,AZ18IAWAYAB6HWLSEDW8M35A96S7,28,4a20c,AZN,false
BA,Bosnia and Herzegovina,BA772507118756140931,20,16n,BAM,false
BE,Belgium,BE76028440871121,16,12n,EUR,true
BG,Bulgaria,BG49DCTV0844277HKPK6FM,22,4a6n8c,EUR,true
BH,Bahrain,BH95BUAZ4GNHKEXJHX57UZ,22,4a14c,BHD,false
BI,Burundi,BI1717386394251069464034341,27,5n5n11n2n,BIF,false
BR,Brazil,BR4472894537869465883754836GG,29,23n1a1c,BRL,false
BY,Belarus,BY61K6ZF47473V36TJWM479UEOFS,28,4c4n16c,BYN,false
CH,Switzerland,CH9822628R7JBNLQ98559,21,5n12c,CHF,true
CR,Costa Rica,CR13998998638385051069,22,18n,CRC,false
CY,Cyprus,CY63050852113NQLMMJM4UA0SHVA,28,8n16c,EUR,true
CZ,Czechia,CZ5428736317858320100423,24,20n,CZK,true
DE,Germany,DE61900282818352016856,22,18n,EUR,true
DJ,Djibouti,DJ9625920847494582236993915,27,23n,DJF,false
DK,Denmark,DK5642846999112975,18,14n,DKK,true
DO,Dominican Republic,DO79OKWD94106262166039328711,28,4c20n,DOP,false
EE,Estonia,EE518985658271503821,20,16n,EUR,true
EG,Egypt,EG944571034552691574574388360,29,25n,EGP,false
ES,Spain,ES1806262578176791813735,24,20n,EUR,true
FI,Finland,FI2291063824632215,18,14n,EUR,true
FK,Falkland Islands,FK54IT146979454495,18,2a12n,FKP,false
FO,Faroe Islands,FO6546885551434795,18,14n,DKK,false
FR,France,FR817210146730KFJAIZFTHKL80,27,10n11c2n,EUR,true
GB,United Kingdom,GB82CXQV59901311563906,22,4a14n,GBP,true
GE,Georgia,GE87OG2565364600312584,22,2a16n,GEL,false
GI,Gibraltar,GI85GISA75ZUW50PZ90A4LK,23,4a15c,GIP,true
GL,Greenland,GL6777203702726442,18,14n,DKK,false
GR,Greece,GR779345071XWT2RTUPC5426E0J,27,7n16c,EUR,true
GT,Guatemala,GT302FE659OJRNDBKX90WOXB6IQD,28,4c20c,GTQ,false
HR,Croatia,HR7257764119321355998,21,17n,EUR,true
HU,Hungary,HU36474983439292495354027456,28,24n,HUF,true
IE,Ireland,IE76RAWV42985216151641,22,4a14n,EUR,true
IL,Israel,IL619113106869682520343,23,19n,ILS,false
IQ,Iraq,IQ56MISS005636976351373,23,4a15n,IQD,false
IS,Iceland,IS486746343707699983793830,26,22n,ISK,true
IT,Italy,IT02T0088596028CGMQ58D2P71I,27,1a10n12c,EUR,true
JO,Jordan,JO37ZWLV8753YLZ2UBU9MFHGK7OCBE,30,4a4n18c,JOD,false
KW,Kuwait,KW61DUZHO6HLZVFVNZ7LAKFA2VUBF9,30,4a22c,KWD,false
KZ,Kazakhstan,KZ202080DGV62KJ4OJRF,20,3n13c,KZT,false
LB,Lebanon,LB955022T2QZ5NWG4HHOMFG69XCN,28,4n20c,LBP,false
LC,Saint Lucia,LC54YUNU90KYSO6AWA5128LNY7Y84NC6,32,4a24c,XCD,false
LI,Liechtenstein,LI32619024855XZ03VNEY,21,5n12c,CHF,true
LT,Lithuania,LT820552159570268673,20,16n,EUR,true
LU,Luxembourg,LU80609LIA6QPE3BWNIP,20,3n13c,EUR,true
LV,Latvia,LV10RJIAKSY9H7AEWAPJX,21,4a13c,EUR,true
LY,Libya,LY43969522056969784186552,25,21n,LYD,false
MC,Monaco,MC343357033902ML1VTVGO9QC85,27,10n11c2n,EUR,true
MD,Moldova,MD4232TM3VZO92HLLJ8UOMK2,24,2c18c,MDL,false
ME,Montenegro,ME65465341149114459890,22,18n,EUR,false
MK,North Macedonia,MK29025B3L6DRU74Y82,19,3n10c2n,MKD,false
MN,Mongolia,MN735718973014519117,20,4n12n,MNT,false
MR,Mauritania,MR6366704245822187836703004,27,23n,MRU,false
MT,Malta,MT97JVNP9247774LEXLXDSGK6MTE474,31,4a5n18c,EUR,true
MU,Mauritius,MU56LITC2660146730540806857UPE,30,4a19n3a,MUR,false
MZ,Mozambique,MZ08727926387960891239091,25,21n,MZN,false
NI,Nicaragua,NI56EPDG59613554889132115113,28,4a20n,NIO,false
NL,Netherlands,NL17HFWB8094452005,18,4a10n,EUR,true
NO,Norway,NO5994653324926,15,11n,NOK,true
OM,Oman,OM58033Z4RMWR1CL9OWKM34,23,3n16c,OMR,false
PK,Pakistan,PK84QXGFSHHW8BDXSC1Q0ABE,24,4a16c,PKR,false
PL,Poland,PL70608531885719045024811525,28,24n,PLN,true
PS,Palestine,PS54IXIKW438V8PLLJUHHLSB7TBEQ,29,4a21c,ILS,false
PT,Portugal,PT37368636373780465093665,25,21n,EUR,true
QA,Qatar,QA14WYQR714ITIXMGHDO4RWQIS4US,29,4a21c,QAR,false
RO,Romania,RO67PXHF7WRBI5I7HLVHI758,24,4a16c,RON,true
RS,Serbia,RS29357250639463357521,22,18n,RSD,false
RU,Russia,RU75406464775483933YLVM7IKOT09TWM,33,14n15c,RUB,false
SA,Saudi Arabia,SA88284GFE9T2HD4D3A5IPH4,24,2n18c,SAR,false
SC,Seychelles,SC71LVZQ72547137358903329714SUM,31,4a20n3a,SCR,false
SD,Sudan,SD7721841000168129,18,14n,SDG,false
SE,Sweden,SE7630031494224589868782,24,20n,SEK,true
SI,Slovenia,SI52472718843747398,19,15n,EUR,true
SK,Slovakia,SK0770519133757341164820,24,20n,EUR,true
SM,San Marino,SM94A82888625232PQVPSFLEDJP,27,1a10n12c,EUR,true
ST,Sao Tome and Principe,ST84759666944551488970752,25,21n,STN,false
SV,El Salvador,SV09ZFZL83189738443323954621,28,4a20n,USD,false
TL,Timor-Leste,TL958662353084851580807,23,19n,USD,false
TN,Tunisia,TN6867849102204707144735,24,20n,TND,false
TR,Turkey,TR5365672V2ALKRFQ7A74XLJQI,26,5n17c,TRY,false
UA,Ukraine,UA55444275DNGFDMRWWMHB1NCDCB1,29,6n19c,UAH,false
VA,Vatican City,VA38744542059444308459,22,18n,EUR,true
VG,British Virgin Islands,VG54LFYM9916408061336124,24,4a16n,USD,false
